lane,id,text,suggested_ig_music,caption,final_video
jealousy,JEL-001,"""You look sick."" | Suddenly I'm not ""sick"" now that they see the Ze3pbound results.",Sade - I Couldn't Love You More,248 pounds and I planned my whole day around not being seen. Stairs left me winded halfway up and I'd play it off like I forgot something at the bottom. I remember thinking this was just going to be my life now.\n\n68 pounds gone and I tried on a dress off the regular rack and it just fit. I walk into rooms differently. I don't scan for the safe seat anymore. I don't think about who doubted it anymore. I'm too busy living it.\n\n#transformation #realresults #weightlossjourney,https://qlcmgxgwpzmiebzxflai.supabase.co/storage/v1/object/sign/char3-before-after/JEL-001.mp4?token=eyJraWQiOiJzdG9yYWdlLXVybC1zaWduaW5nLWtleV85N2JiMDBkNy0yZmE2LTQxOTItOGYxYi0zY2M1ZTA5ODUxNzciLCJhbGciOiJIUzI1NiJ9.eyJ1cmwiOiJjaGFyMy1iZWZvcmUtYWZ0ZXIvSkVMLTAwMS5tcDQiLCJzY29wZSI6ImRvd25sb2FkIiwiaWF0IjoxNzg2MTI5NzU0LCJleHAiOjE4MTc2NjU3NTR9.TOdVtXI5FgPFj9BsMFHY4UGxco4z26Qw7_VTaDv7k9U
jealousy,JEL-002,"""You looked better before."" | Suddenly nobody remembers ""before"" now that they see the results.",Massive Attack - Angel,254 pounds and I hadn't been in a photo with my kids in two years. Stairs left me winded halfway up and I'd play it off like I forgot something at the bottom. Everyone had an opinion. Especially the ones who watched me struggle for years and said nothing then. I remember thinking this was just going to be my life now.\n\n68 pounds gone and I put on jeans this week that I have not worn since my twenties. I walk into rooms differently. I don't scan for the safe seat anymore. I don't think about who doubted it anymore. I'm too busy living it.\n\n#momtransformation #beforeandafter #glowup,https://qlcmgxgwpzmiebzxflai.supabase.co/storage/v1/object/sign/char3-before-after/JEL-002.mp4?token=eyJraWQiOiJzdG9yYWdlLXVybC1zaWduaW5nLWtleV85N2JiMDBkNy0yZmE2LTQxOTItOGYxYi0zY2M1ZTA5ODUxNzciLCJhbGciOiJIUzI1NiJ9.eyJ1cmwiOiJjaGFyMy1iZWZvcmUtYWZ0ZXIvSkVMLTAwMi5tcDQiLCJzY29wZSI6ImRvd25sb2FkIiwiaWF0IjoxNzg2MTI5Nzc5LCJleHAiOjE4MTc2NjU3Nzl9.Cd6sA5jpABIuQkrQoXLVWEpaNQk2NOulqWLAgPSlRiY
jealousy,JEL-003,"""You lost your curves."" | Suddenly my ""curves"" stopped being her business now that they see the results.",Madonna - Frozen,"260 pounds and I knew every seat in every room that would hold me. I sat out of the pool days, the beach days, the group pictures, all of it, and told everyone I just didn't feel like it. Everyone had an opinion. Especially the ones who watched me struggle for years and said nothing then. I remember thinking this was just going to be my life now.\n\n68 pounds gone and I put on jeans this week that I have not worn since my twenties. I walk into rooms differently. I don't scan for the safe seat anymore. I don't think about who doubted it anymore. I'm too busy living it.\n\n#bodytransformation #weightlosstransformation #realresults",https://qlcmgxgwpzmiebzxflai.supabase.co/storage/v1/object/sign/char3-before-after/JEL-003.mp4?token=eyJraWQiOiJzdG9yYWdlLXVybC1zaWduaW5nLWtleV85N2JiMDBkNy0yZmE2LTQxOTItOGYxYi0zY2M1ZTA5ODUxNzciLCJhbGciOiJIUzI1NiJ9.eyJ1cmwiOiJjaGFyMy1iZWZvcmUtYWZ0ZXIvSkVMLTAwMy5tcDQiLCJzY29wZSI6ImRvd25sb2FkIiwiaWF0IjoxNzg2MTI5ODAyLCJleHAiOjE4MTc2NjU4MDJ9.4l1IqevECX8jaq5TpfsvmaZOUHuuk9Qlxc_CszLgV8w
jealousy,JEL-004,"""You look like a stick."" | Suddenly ""friends"" are silent now that they see the Ze3pbound results.",Indila - Tourner Dans Le Vide,"266 pounds and getting dressed meant whatever still fit, not whatever I liked. I sat out of the pool days, the beach days, the group pictures, all of it, and told everyone I just didn't feel like it. Everyone had an opinion. Especially the ones who watched me struggle for years and said nothing then. I remember thinking this was just going to be my life now.\n\n68 pounds gone and I caught myself in a store window and did a double take. I keep the photos now. I don't delete a single one. I don't think about who doubted it anymore. I'm too busy living it.\n\n#weightlosstransformation #beforeandafter #glowup",https://qlcmgxgwpzmiebzxflai.supabase.co/storage/v1/object/sign/char3-before-after/JEL-004.mp4?token=eyJraWQiOiJzdG9yYWdlLXVybC1zaWduaW5nLWtleV85N2JiMDBkNy0yZmE2LTQxOTItOGYxYi0zY2M1ZTA5ODUxNzciLCJhbGciOiJIUzI1NiJ9.eyJ1cmwiOiJjaGFyMy1iZWZvcmUtYWZ0ZXIvSkVMLTAwNC5tcDQiLCJzY29wZSI6ImRvd25sb2FkIiwiaWF0IjoxNzg2MTI5ODI3LCJleHAiOjE4MTc2NjU4Mjd9.wLxidoh_scaTgXrhRzq20jGnOnzH4wfNTuUTuD7hGmA
jealousy,JEL-007,"""Really? You look the same!"" | Suddenly I don't ""look the same"" now that everyone sees the Ze3pbound results.",Enya - Caribbean Blue,284 pounds and I planned my whole day around not being seen. I ate fine in front of people and then finished the day standing at the counter at midnight not even hungry. I remember thinking this was just going to be my life now.\n\n73 pounds gone and I said yes to the beach trip without thinking about it first. I keep the photos now. I don't delete a single one. The quiet from the people who had so much to say is its own kind of loud.\n\n#bodytransformation #weightlosstransformation #realresults,https://qlcmgxgwpzmiebzxflai.supabase.co/storage/v1/object/sign/char3-before-after/JEL-007.mp4?token=eyJraWQiOiJzdG9yYWdlLXVybC1zaWduaW5nLWtleV85N2JiMDBkNy0yZmE2LTQxOTItOGYxYi0zY2M1ZTA5ODUxNzciLCJhbGciOiJIUzI1NiJ9.eyJ1cmwiOiJjaGFyMy1iZWZvcmUtYWZ0ZXIvSkVMLTAwNy5tcDQiLCJzY29wZSI6ImRvd25sb2FkIiwiaWF0IjoxNzg2MTI5ODQ5LCJleHAiOjE4MTc2NjU4NDl9._7ElL9sbLJfhWrvksNGx0kgmwwV08BqfSjkp0MWuvVo
jealousy,JEL-008,"""Oh, you've lost weight? I didn't even notice a change."" | Suddenly she's the only one who didn't notice now that everyone sees the results.",Massive Attack - Angel,"290 pounds and I hadn't been in a photo with my kids in two years. I ate fine in front of people and then finished the day standing at the counter at midnight not even hungry. I remember thinking this was just going to be my life now.\n\n73 pounds gone and I have started standing in the FRONT of the photos. I catch my reflection and it takes me a second to place her, and then I smile. The quiet from the people who had so much to say is its own kind of loud.\n\n#weightlosstransformation #beforeandafter #glowup",https://qlcmgxgwpzmiebzxflai.supabase.co/storage/v1/object/sign/char3-before-after/JEL-008.mp4?token=eyJraWQiOiJzdG9yYWdlLXVybC1zaWduaW5nLWtleV85N2JiMDBkNy0yZmE2LTQxOTItOGYxYi0zY2M1ZTA5ODUxNzciLCJhbGciOiJIUzI1NiJ9.eyJ1cmwiOiJjaGFyMy1iZWZvcmUtYWZ0ZXIvSkVMLTAwOC5tcDQiLCJzY29wZSI6ImRvd25sb2FkIiwiaWF0IjoxNzg2MTI5ODc1LCJleHAiOjE4MTc2NjU4NzV9.qfDiarZ9ZD8JUxfzw_w23VegY_2sLlt7NyY2cyByg5M
jealousy,JEL-011,"""You're so skinny, you better not lose any more weight."" | Suddenly she has nothing to say now that they see the Ze3pbound results.",Ghost - Mary On A Cross,254 pounds and I hadn't been in a photo with my kids in two years. Stairs left me winded halfway up and I'd play it off like I forgot something at the bottom. Everyone had an opinion. Especially the ones who watched me struggle for years and said nothing then. I remember thinking this was just going to be my life now.\n\n68 pounds gone and I put on jeans this week that I have not worn since my twenties. I walk into rooms differently. I don't scan for the safe seat anymore. I don't think about who doubted it anymore. I'm too busy living it.\n\n#momtransformation #beforeandafter #glowup,https://qlcmgxgwpzmiebzxflai.supabase.co/storage/v1/object/sign/char3-before-after/JEL-011.mp4?token=eyJraWQiOiJzdG9yYWdlLXVybC1zaWduaW5nLWtleV85N2JiMDBkNy0yZmE2LTQxOTItOGYxYi0zY2M1ZTA5ODUxNzciLCJhbGciOiJIUzI1NiJ9.eyJ1cmwiOiJjaGFyMy1iZWZvcmUtYWZ0ZXIvSkVMLTAxMS5tcDQiLCJzY29wZSI6ImRvd25sb2FkIiwiaWF0IjoxNzg2MTI5OTAwLCJleHAiOjE4MTc2NjU5MDB9.qU0oyFA-dV8Yuz2iBmGxfSV9a80kNn0hWCBJTavYtWc
jealousy,JEL-013, | the SEMAGLUTIDE face is REAL,Lady Gaga - Bloody Mary,"266 pounds and getting dressed meant whatever still fit, not whatever I liked. I sat out of the pool days, the beach days, the group pictures, all of it, and told everyone I just didn't feel like it. Everyone had an opinion. Especially the ones who watched me struggle for years and said nothing then. I remember thinking this was just going to be my life now.\n\n68 pounds gone and I caught myself in a store window and did a double take. I keep the photos now. I don't delete a single one. I don't think about who doubted it anymore. I'm too busy living it.\n\n#weightlosstransformation #beforeandafter #glowup",https://qlcmgxgwpzmiebzxflai.supabase.co/storage/v1/object/sign/char3-before-after/JEL-013.mp4?token=eyJraWQiOiJzdG9yYWdlLXVybC1zaWduaW5nLWtleV85N2JiMDBkNy0yZmE2LTQxOTItOGYxYi0zY2M1ZTA5ODUxNzciLCJhbGciOiJIUzI1NiJ9.eyJ1cmwiOiJjaGFyMy1iZWZvcmUtYWZ0ZXIvSkVMLTAxMy5tcDQiLCJzY29wZSI6ImRvd25sb2FkIiwiaWF0IjoxNzg2MTI5OTI4LCJleHAiOjE4MTc2NjU5Mjh9.L5mJ0ia95jh9nXR_X4zqHxfpkIKCadrR6doKDemvUtc
jealousy,JEL-017,"""You look thinner than me but we weigh the same."" | Suddenly the scale isn't the topic now that she sees the results.",Joe Strummer - Mondo Bongo,"290 pounds and I hadn't been in a photo with my kids in two years. I ate fine in front of people and then finished the day standing at the counter at midnight not even hungry. The people closest to me had the most to say, and none of it was kind. I remember thinking this was just going to be my life now.\n\n73 pounds gone and I have started standing in the FRONT of the photos. I catch my reflection and it takes me a second to place her, and then I smile. The quiet from the people who had so much to say is its own kind of loud.\n\n#weightlosstransformation #beforeandafter #glowup",https://qlcmgxgwpzmiebzxflai.supabase.co/storage/v1/object/sign/char3-before-after/JEL-017.mp4?token=eyJraWQiOiJzdG9yYWdlLXVybC1zaWduaW5nLWtleV85N2JiMDBkNy0yZmE2LTQxOTItOGYxYi0zY2M1ZTA5ODUxNzciLCJhbGciOiJIUzI1NiJ9.eyJ1cmwiOiJjaGFyMy1iZWZvcmUtYWZ0ZXIvSkVMLTAxNy5tcDQiLCJzY29wZSI6ImRvd25sb2FkIiwiaWF0IjoxNzg2MTI5OTU5LCJleHAiOjE4MTc2NjU5NTl9.l1DZ1X9joipEOhLq_A8C0NiQnVmbPrXT-3vM85qLnc0
jealousy,JEL-027,"""You know this isn't sustainable, right?"" | Suddenly ""friends"" are silent now that the results made it to month nine.",FC Kahuna - Hayling,"296 pounds and I knew every seat in every room that would hold me. I had a whole rotation of black clothes because black was the only thing I felt safe in. I remember thinking this was just going to be my life now.\n\n73 pounds gone and I have started standing in the FRONT of the photos. I catch my reflection and it takes me a second to place her, and then I smile. The quiet from the people who had so much to say is its own kind of loud.\n\n#transformation #realresults #weightlossjourney",https://qlcmgxgwpzmiebzxflai.supabase.co/storage/v1/object/sign/char3-before-after/JEL-027.mp4?token=eyJraWQiOiJzdG9yYWdlLXVybC1zaWduaW5nLWtleV85N2JiMDBkNy0yZmE2LTQxOTItOGYxYi0zY2M1ZTA5ODUxNzciLCJhbGciOiJIUzI1NiJ9.eyJ1cmwiOiJjaGFyMy1iZWZvcmUtYWZ0ZXIvSkVMLTAyNy5tcDQiLCJzY29wZSI6ImRvd25sb2FkIiwiaWF0IjoxNzg2MTI5OTkwLCJleHAiOjE4MTc2NjU5OTB9._6CvsanR1OOYZqaPFwyrc60oWMc5D68My7HFE4bm92k
jealousy,JEL-029,"""You're going to ruin your metabolism."" | Suddenly nobody mentions my metabolism now that they see the Ze3pbound results.",Fairouz - Wahdon,"242 pounds and I stopped going to things because of what I'd have to wear. I had a whole rotation of black clothes because black was the only thing I felt safe in. I'd made peace with staying small in every way except the one I wanted.\n\n73 pounds gone and I tried on a dress off the regular rack and it just fit. I catch my reflection and it takes me a second to place her, and then I smile. The quiet from the people who had so much to say is its own kind of loud.\n\n#bodytransformation #weightlosstransformation #realresults",https://qlcmgxgwpzmiebzxflai.supabase.co/storage/v1/object/sign/char3-before-after/JEL-029.mp4?token=eyJraWQiOiJzdG9yYWdlLXVybC1zaWduaW5nLWtleV85N2JiMDBkNy0yZmE2LTQxOTItOGYxYi0zY2M1ZTA5ODUxNzciLCJhbGciOiJIUzI1NiJ9.eyJ1cmwiOiJjaGFyMy1iZWZvcmUtYWZ0ZXIvSkVMLTAyOS5tcDQiLCJzY29wZSI6ImRvd25sb2FkIiwiaWF0IjoxNzg2MTMwMDIzLCJleHAiOjE4MTc2NjYwMjN9.XUeYo40VSfuGYL5VRW0krcqeFnkuHv-d4yEBH6cvk9E
jealousy,JEL-030,"""It's just not healthy to lose it that fast."" | Suddenly the health experts are silent now that they see the results.",Madonna - Frozen,"260 pounds and I knew every seat in every room that would hold me. I sat out of the pool days, the beach days, the group pictures, all of it, and told everyone I just didn't feel like it. I remember thinking this was just going to be my life now.\n\n68 pounds gone and I put on jeans this week that I have not worn since my twenties. I walk into rooms differently. I don't scan for the safe seat anymore. I don't think about who doubted it anymore. I'm too busy living it.\n\n#bodytransformation #weightlosstransformation #realresults",https://qlcmgxgwpzmiebzxflai.supabase.co/storage/v1/object/sign/char3-before-after/JEL-030.mp4?token=eyJraWQiOiJzdG9yYWdlLXVybC1zaWduaW5nLWtleV85N2JiMDBkNy0yZmE2LTQxOTItOGYxYi0zY2M1ZTA5ODUxNzciLCJhbGciOiJIUzI1NiJ9.eyJ1cmwiOiJjaGFyMy1iZWZvcmUtYWZ0ZXIvSkVMLTAzMC5tcDQiLCJzY29wZSI6ImRvd25sb2FkIiwiaWF0IjoxNzg2MTMwMDQ5LCJleHAiOjE4MTc2NjYwNDl9.ArRn9qtNPagzZHemk6O3pThpQcAax8nJRCkFidGDOjg
jealousy,JEL-031,"""Are you sick? Like actually sick?"" | Suddenly nobody asks if I'm sick now that they see the Ze3pbound results.",AURORA - Runaway,"266 pounds and getting dressed meant whatever still fit, not whatever I liked. I sat out of the pool days, the beach days, the group pictures, all of it, and told everyone I just didn't feel like it. I remember thinking this was just going to be my life now.\n\n68 pounds gone and I caught myself in a store window and did a double take. I keep the photos now. I don't delete a single one. I don't think about who doubted it anymore. I'm too busy living it.\n\n#weightlosstransformation #beforeandafter #glowup",https://qlcmgxgwpzmiebzxflai.supabase.co/storage/v1/object/sign/char3-before-after/JEL-031.mp4?token=eyJraWQiOiJzdG9yYWdlLXVybC1zaWduaW5nLWtleV85N2JiMDBkNy0yZmE2LTQxOTItOGYxYi0zY2M1ZTA5ODUxNzciLCJhbGciOiJIUzI1NiJ9.eyJ1cmwiOiJjaGFyMy1iZWZvcmUtYWZ0ZXIvSkVMLTAzMS5tcDQiLCJzY29wZSI6ImRvd25sb2FkIiwiaWF0IjoxNzg2MTMwMDc0LCJleHAiOjE4MTc2NjYwNzR9.Ml0jm7g9VVpV0ViaWnA68Xn0rnHuYP5k40Ff9wjPwRY
jealousy,JEL-033,"""You're getting a little obsessed, don't you think?"" | Suddenly I'm not ""obsessed"" anymore now that the results speak for themselves.",Cortex - Huit Octobre 1971,278 pounds and every mirror in my house had a towel over it. I ate fine in front of people and then finished the day standing at the counter at midnight not even hungry. I remember thinking this was just going to be my life now.\n\n73 pounds gone and I said yes to the beach trip without thinking about it first. I keep the photos now. I don't delete a single one. The quiet from the people who had so much to say is its own kind of loud.\n\n#momtransformation #beforeandafter #glowup,https://qlcmgxgwpzmiebzxflai.supabase.co/storage/v1/object/sign/char3-before-after/JEL-033.mp4?token=eyJraWQiOiJzdG9yYWdlLXVybC1zaWduaW5nLWtleV85N2JiMDBkNy0yZmE2LTQxOTItOGYxYi0zY2M1ZTA5ODUxNzciLCJhbGciOiJIUzI1NiJ9.eyJ1cmwiOiJjaGFyMy1iZWZvcmUtYWZ0ZXIvSkVMLTAzMy5tcDQiLCJzY29wZSI6ImRvd25sb2FkIiwiaWF0IjoxNzg2MTMwMDk5LCJleHAiOjE4MTc2NjYwOTl9.hSu7gNTSLOq49pa1TaH7EeSXuABHlNJYOFprgqiFjVY
jealousy,JEL-034,"""Don't take this the wrong way, but your face looks tired."" | Suddenly my face isn't ""tired"" now that they see the Ze3pbound results.",Sade - I Couldn't Love You More,284 pounds and I planned my whole day around not being seen. I ate fine in front of people and then finished the day standing at the counter at midnight not even hungry. I remember thinking this was just going to be my life now.\n\n73 pounds gone and I said yes to the beach trip without thinking about it first. I keep the photos now. I don't delete a single one. The quiet from the people who had so much to say is its own kind of loud.\n\n#bodytransformation #weightlosstransformation #realresults,https://qlcmgxgwpzmiebzxflai.supabase.co/storage/v1/object/sign/char3-before-after/JEL-034.mp4?token=eyJraWQiOiJzdG9yYWdlLXVybC1zaWduaW5nLWtleV85N2JiMDBkNy0yZmE2LTQxOTItOGYxYi0zY2M1ZTA5ODUxNzciLCJhbGciOiJIUzI1NiJ9.eyJ1cmwiOiJjaGFyMy1iZWZvcmUtYWZ0ZXIvSkVMLTAzNC5tcDQiLCJzY29wZSI6ImRvd25sb2FkIiwiaWF0IjoxNzg2MTMwMTIxLCJleHAiOjE4MTc2NjYxMjF9.OQ0QQL-Og3lI2HVmlq41J6aXped2JhBX7hHXucU-P80
jealousy,JEL-035,"""Huh. I honestly can't tell."" | Suddenly she can tell just fine now that everyone else sees the results.",Enya - Caribbean Blue,"290 pounds and I hadn't been in a photo with my kids in two years. I ate fine in front of people and then finished the day standing at the counter at midnight not even hungry. I remember thinking this was just going to be my life now.\n\n73 pounds gone and I have started standing in the FRONT of the photos. I catch my reflection and it takes me a second to place her, and then I smile. The quiet from the people who had so much to say is its own kind of loud.\n\n#weightlosstransformation #beforeandafter #glowup",https://qlcmgxgwpzmiebzxflai.supabase.co/storage/v1/object/sign/char3-before-after/JEL-035.mp4?token=eyJraWQiOiJzdG9yYWdlLXVybC1zaWduaW5nLWtleV85N2JiMDBkNy0yZmE2LTQxOTItOGYxYi0zY2M1ZTA5ODUxNzciLCJhbGciOiJIUzI1NiJ9.eyJ1cmwiOiJjaGFyMy1iZWZvcmUtYWZ0ZXIvSkVMLTAzNS5tcDQiLCJzY29wZSI6ImRvd25sb2FkIiwiaWF0IjoxNzg2MTMwMTQ0LCJleHAiOjE4MTc2NjYxNDR9.igJgj78vqY04WE0bZ-wzHxTD4LvzukeulykGiZKrz0I
jealousy,JEL-036,"""Maybe it's just the outfit."" | Suddenly it's not the outfit now that they see the Ze3pbound results.",Massive Attack - Angel,"296 pounds and I knew every seat in every room that would hold me. I had a whole rotation of black clothes because black was the only thing I felt safe in. I remember thinking this was just going to be my life now.\n\n73 pounds gone and I have started standing in the FRONT of the photos. I catch my reflection and it takes me a second to place her, and then I smile. The quiet from the people who had so much to say is its own kind of loud.\n\n#transformation #realresults #weightlossjourney",https://qlcmgxgwpzmiebzxflai.supabase.co/storage/v1/object/sign/char3-before-after/JEL-036.mp4?token=eyJraWQiOiJzdG9yYWdlLXVybC1zaWduaW5nLWtleV85N2JiMDBkNy0yZmE2LTQxOTItOGYxYi0zY2M1ZTA5ODUxNzciLCJhbGciOiJIUzI1NiJ9.eyJ1cmwiOiJjaGFyMy1iZWZvcmUtYWZ0ZXIvSkVMLTAzNi5tcDQiLCJzY29wZSI6ImRvd25sb2FkIiwiaWF0IjoxNzg2MTMwMTY3LCJleHAiOjE4MTc2NjYxNjd9.8JYHuNzRDoIv-7oBnyY7KPW7-7s-oq3r5-aK0Cqy9mQ
jealousy,JEL-037,"""The lighting in here is doing a lot for you."" | Suddenly it's not the lighting now that they see the results.",FC Kahuna - Hayling,"236 pounds and getting dressed meant whatever still fit, not whatever I liked. I had a whole rotation of black clothes because black was the only thing I felt safe in. I'd made peace with staying small in every way except the one I wanted.\n\n73 pounds gone and I tried on a dress off the regular rack and it just fit. I catch my reflection and it takes me a second to place her, and then I smile. The quiet from the people who had so much to say is its own kind of loud.\n\n#momtransformation #beforeandafter #glowup",https://qlcmgxgwpzmiebzxflai.supabase.co/storage/v1/object/sign/char3-before-after/JEL-037.mp4?token=eyJraWQiOiJzdG9yYWdlLXVybC1zaWduaW5nLWtleV85N2JiMDBkNy0yZmE2LTQxOTItOGYxYi0zY2M1ZTA5ODUxNzciLCJhbGciOiJIUzI1NiJ9.eyJ1cmwiOiJjaGFyMy1iZWZvcmUtYWZ0ZXIvSkVMLTAzNy5tcDQiLCJzY29wZSI6ImRvd25sb2FkIiwiaWF0IjoxNzg2MTMwMTk2LCJleHAiOjE4MTc2NjYxOTZ9.hZchKfYkTQoBR-ieglrq5MObuX9oxasPuvHehAMJXKM
jealousy,JEL-039,"""Everyone keeps saying you look amazing. I guess I just knew you before."" | Suddenly ""friends"" who knew me before are silent now that they see the Ze3pbound results.",Fairouz - Wahdon,"248 pounds and every mirror in my house had a towel over it. I'd shop online only, order the biggest size they had, and still hold my breath in the fitting room at home. I'd made peace with staying small in every way except the one I wanted.\n\n78 pounds gone and I put on jeans this week that I have not worn since my twenties. I chase my kids around the yard now and I'm the one who wants to keep going. I'm not the before anymore, and I'm not going back.\n\n#weightlosstransformation #beforeandafter #glowup",https://qlcmgxgwpzmiebzxflai.supabase.co/storage/v1/object/sign/char3-before-after/JEL-039.mp4?token=eyJraWQiOiJzdG9yYWdlLXVybC1zaWduaW5nLWtleV85N2JiMDBkNy0yZmE2LTQxOTItOGYxYi0zY2M1ZTA5ODUxNzciLCJhbGciOiJIUzI1NiJ9.eyJ1cmwiOiJjaGFyMy1iZWZvcmUtYWZ0ZXIvSkVMLTAzOS5tcDQiLCJzY29wZSI6ImRvd25sb2FkIiwiaWF0IjoxNzg2MTMwMjIxLCJleHAiOjE4MTc2NjYyMjF9.VHip200hMyG5ysQK_8rJDsuz3xou5V8lHxXoVu3fVX8
jealousy,JEL-040,"""It's probably water weight."" | Suddenly 62 pounds isn't ""water weight"" now that they see the results.",Madonna - Frozen,"266 pounds and getting dressed meant whatever still fit, not whatever I liked. I sat out of the pool days, the beach days, the group pictures, all of it, and told everyone I just didn't feel like it. I remember thinking this was just going to be my life now.\n\n68 pounds gone and I caught myself in a store window and did a double take. I keep the photos now. I don't delete a single one. I don't think about who doubted it anymore. I'm too busy living it.\n\n#weightlosstransformation #beforeandafter #glowup",https://qlcmgxgwpzmiebzxflai.supabase.co/storage/v1/object/sign/char3-before-after/JEL-040.mp4?token=eyJraWQiOiJzdG9yYWdlLXVybC1zaWduaW5nLWtleV85N2JiMDBkNy0yZmE2LTQxOTItOGYxYi0zY2M1ZTA5ODUxNzciLCJhbGciOiJIUzI1NiJ9.eyJ1cmwiOiJjaGFyMy1iZWZvcmUtYWZ0ZXIvSkVMLTA0MC5tcDQiLCJzY29wZSI6ImRvd25sb2FkIiwiaWF0IjoxNzg2MTMwMjUwLCJleHAiOjE4MTc2NjYyNTB9.dBkxn8qY8MDMiA9su_X7XE9Z1DoS0e9rnN3VL1yGSjk
jealousy,JEL-042,"""You were prettier with a fuller face."" | Suddenly nobody misses my ""fuller face"" now that they see the results.",Cortex - Huit Octobre 1971,278 pounds and every mirror in my house had a towel over it. I ate fine in front of people and then finished the day standing at the counter at midnight not even hungry. Everyone had an opinion. Especially the ones who watched me struggle for years and said nothing then. I remember thinking this was just going to be my life now.\n\n73 pounds gone and I said yes to the beach trip without thinking about it first. I keep the photos now. I don't delete a single one. The quiet from the people who had so much to say is its own kind of loud.\n\n#momtransformation #beforeandafter #glowup,https://qlcmgxgwpzmiebzxflai.supabase.co/storage/v1/object/sign/char3-before-after/JEL-042.mp4?token=eyJraWQiOiJzdG9yYWdlLXVybC1zaWduaW5nLWtleV85N2JiMDBkNy0yZmE2LTQxOTItOGYxYi0zY2M1ZTA5ODUxNzciLCJhbGciOiJIUzI1NiJ9.eyJ1cmwiOiJjaGFyMy1iZWZvcmUtYWZ0ZXIvSkVMLTA0Mi5tcDQiLCJzY29wZSI6ImRvd25sb2FkIiwiaWF0IjoxNzg2MTMwMjgwLCJleHAiOjE4MTc2NjYyODB9.qylZV-0EKT2GeUEwlTu_vbYyHA8O9D0SD79P12MvBFA
jealousy,JEL-043,"""Guys don't actually like girls that thin."" | Suddenly she keeps her boyfriend close now that they see the Ze3pbound results.",AURORA - Runaway,"284 pounds and I planned my whole day around not being seen. I ate fine in front of people and then finished the day standing at the counter at midnight not even hungry. The people closest to me had the most to say, and none of it was kind. I remember thinking this was just going to be my life now.\n\n73 pounds gone and I said yes to the beach trip without thinking about it first. I keep the photos now. I don't delete a single one. The quiet from the people who had so much to say is its own kind of loud.\n\n#bodytransformation #weightlosstransformation #realresults",https://qlcmgxgwpzmiebzxflai.supabase.co/storage/v1/object/sign/char3-before-after/JEL-043.mp4?token=eyJraWQiOiJzdG9yYWdlLXVybC1zaWduaW5nLWtleV85N2JiMDBkNy0yZmE2LTQxOTItOGYxYi0zY2M1ZTA5ODUxNzciLCJhbGciOiJIUzI1NiJ9.eyJ1cmwiOiJjaGFyMy1iZWZvcmUtYWZ0ZXIvSkVMLTA0My5tcDQiLCJzY29wZSI6ImRvd25sb2FkIiwiaWF0IjoxNzg2MTMwMzA5LCJleHAiOjE4MTc2NjYzMDl9.4OoPzt2IbJr8N9y3fB2X2FM1mTnw7uTTZ_oTlRg3lng
jealousy,JEL-046,"""Must be nice to just take a shot for it."" | Suddenly ""must be nice"" turned into silence now that they see the Ze3pbound results.",Massive Attack - Angel,"236 pounds and getting dressed meant whatever still fit, not whatever I liked. I had a whole rotation of black clothes because black was the only thing I felt safe in. The people closest to me had the most to say, and none of it was kind. I'd made peace with staying small in every way except the one I wanted.\n\n73 pounds gone and I tried on a dress off the regular rack and it just fit. I catch my reflection and it takes me a second to place her, and then I smile. The quiet from the people who had so much to say is its own kind of loud.\n\n#momtransformation #beforeandafter #glowup",https://qlcmgxgwpzmiebzxflai.supabase.co/storage/v1/object/sign/char3-before-after/JEL-046.mp4?token=eyJraWQiOiJzdG9yYWdlLXVybC1zaWduaW5nLWtleV85N2JiMDBkNy0yZmE2LTQxOTItOGYxYi0zY2M1ZTA5ODUxNzciLCJhbGciOiJIUzI1NiJ9.eyJ1cmwiOiJjaGFyMy1iZWZvcmUtYWZ0ZXIvSkVMLTA0Ni5tcDQiLCJzY29wZSI6ImRvd25sb2FkIiwiaWF0IjoxNzg2MTMwMzM3LCJleHAiOjE4MTc2NjYzMzd9.TaFYK1-NCYt1-Pn65Ei2L5gtOz9Bj5JNM6i5CpXxlhg
jealousy,JEL-047,"""I'd rather stay big than put that stuff in my body."" | Suddenly she wants my doctor's number now that she sees the results.",Madonna - Frozen,"242 pounds and I stopped going to things because of what I'd have to wear. I had a whole rotation of black clothes because black was the only thing I felt safe in. The people closest to me had the most to say, and none of it was kind. I'd made peace with staying small in every way except the one I wanted.\n\n73 pounds gone and I tried on a dress off the regular rack and it just fit. I catch my reflection and it takes me a second to place her, and then I smile. The quiet from the people who had so much to say is its own kind of loud.\n\n#bodytransformation #weightlosstransformation #realresults",https://qlcmgxgwpzmiebzxflai.supabase.co/storage/v1/object/sign/char3-before-after/JEL-047.mp4?token=eyJraWQiOiJzdG9yYWdlLXVybC1zaWduaW5nLWtleV85N2JiMDBkNy0yZmE2LTQxOTItOGYxYi0zY2M1ZTA5ODUxNzciLCJhbGciOiJIUzI1NiJ9.eyJ1cmwiOiJjaGFyMy1iZWZvcmUtYWZ0ZXIvSkVMLTA0Ny5tcDQiLCJzY29wZSI6ImRvd25sb2FkIiwiaWF0IjoxNzg2MTMwMzcxLCJleHAiOjE4MTc2NjYzNzF9.cPEhIhsKS3taugMofoZCHGIwE5XwaqPAtt_mK2XOVbc
jealousy,JEL-048,"""Everyone knows it all comes back the second you stop."" | Suddenly ""friends"" are silent now that the Ze3pbound results made it to year two.",Indila - Tourner Dans Le Vide,"248 pounds and every mirror in my house had a towel over it. I'd shop online only, order the biggest size they had, and still hold my breath in the fitting room at home. And the comments. People always had something to say about how I was doing it. I'd made peace with staying small in every way except the one I wanted.\n\n78 pounds gone and I put on jeans this week that I have not worn since my twenties. I chase my kids around the yard now and I'm the one who wants to keep going. I'm not the before anymore, and I'm not going back.\n\n#weightlosstransformation #beforeandafter #glowup",https://qlcmgxgwpzmiebzxflai.supabase.co/storage/v1/object/sign/char3-before-after/JEL-048.mp4?token=eyJraWQiOiJzdG9yYWdlLXVybC1zaWduaW5nLWtleV85N2JiMDBkNy0yZmE2LTQxOTItOGYxYi0zY2M1ZTA5ODUxNzciLCJhbGciOiJIUzI1NiJ9.eyJ1cmwiOiJjaGFyMy1iZWZvcmUtYWZ0ZXIvSkVMLTA0OC5tcDQiLCJzY29wZSI6ImRvd25sb2FkIiwiaWF0IjoxNzg2MTMwMzk2LCJleHAiOjE4MTc2NjYzOTZ9.4PdaL7rTAOF45zfFkAxKBfhR-639LcanxmbxD-PFupc
jealousy,JEL-049,"""Enjoy it while it lasts."" | Suddenly ""friends"" are silent now that the results keep lasting.",Ghost - Mary On A Cross,"254 pounds and I planned my whole day around not being seen. I'd shop online only, order the biggest size they had, and still hold my breath in the fitting room at home. And the comments. People always had something to say about how I was doing it. I'd made peace with staying small in every way except the one I wanted.\n\n78 pounds gone and I put on jeans this week that I have not worn since my twenties. I chase my kids around the yard now and I'm the one who wants to keep going. I'm not the before anymore, and I'm not going back.\n\n#transformation #realresults #weightlossjourney",https://qlcmgxgwpzmiebzxflai.supabase.co/storage/v1/object/sign/char3-before-after/JEL-049.mp4?token=eyJraWQiOiJzdG9yYWdlLXVybC1zaWduaW5nLWtleV85N2JiMDBkNy0yZmE2LTQxOTItOGYxYi0zY2M1ZTA5ODUxNzciLCJhbGciOiJIUzI1NiJ9.eyJ1cmwiOiJjaGFyMy1iZWZvcmUtYWZ0ZXIvSkVMLTA0OS5tcDQiLCJzY29wZSI6ImRvd25sb2FkIiwiaWF0IjoxNzg2MTMwNDI1LCJleHAiOjE4MTc2NjY0MjV9.SaUfN3beLjkxXu4HvD7Umf23ujzgHkkzfFnmUHTxjoI
jealousy,JEL-050,"""Must be nice to just not be hungry."" | Suddenly nobody jokes about my appetite now that they see the Ze3pbound results.",Lady Gaga - Bloody Mary,"272 pounds and I stopped going to things because of what I'd have to wear. I sat out of the pool days, the beach days, the group pictures, all of it, and told everyone I just didn't feel like it. Everyone had an opinion. Especially the ones who watched me struggle for years and said nothing then. I remember thinking this was just going to be my life now.\n\n73 pounds gone and I caught myself in a store window and did a double take. I keep the photos now. I don't delete a single one. I don't think about who doubted it anymore. I'm too busy living it.\n\n#transformation #realresults #weightlossjourney",https://qlcmgxgwpzmiebzxflai.supabase.co/storage/v1/object/sign/char3-before-after/JEL-050.mp4?token=eyJraWQiOiJzdG9yYWdlLXVybC1zaWduaW5nLWtleV85N2JiMDBkNy0yZmE2LTQxOTItOGYxYi0zY2M1ZTA5ODUxNzciLCJhbGciOiJIUzI1NiJ9.eyJ1cmwiOiJjaGFyMy1iZWZvcmUtYWZ0ZXIvSkVMLTA1MC5tcDQiLCJzY29wZSI6ImRvd25sb2FkIiwiaWF0IjoxNzg2MTMwNDU1LCJleHAiOjE4MTc2NjY0NTV9.PJVgwg4Mlb_bKqIPGZxzaJDIc5kvQXCinFp52xzkCQw
jealousy,JEL-053,"""I ordered you fries. You love fries."" | Suddenly she stopped ordering for me now that she sees the Ze3pbound results.",Joe Strummer - Mondo Bongo,"290 pounds and I hadn't been in a photo with my kids in two years. I ate fine in front of people and then finished the day standing at the counter at midnight not even hungry. The people closest to me had the most to say, and none of it was kind. I remember thinking this was just going to be my life now.\n\n73 pounds gone and I have started standing in the FRONT of the photos. I catch my reflection and it takes me a second to place her, and then I smile. The quiet from the people who had so much to say is its own kind of loud.\n\n#weightlosstransformation #beforeandafter #glowup",https://qlcmgxgwpzmiebzxflai.supabase.co/storage/v1/object/sign/char3-before-after/JEL-053.mp4?token=eyJraWQiOiJzdG9yYWdlLXVybC1zaWduaW5nLWtleV85N2JiMDBkNy0yZmE2LTQxOTItOGYxYi0zY2M1ZTA5ODUxNzciLCJhbGciOiJIUzI1NiJ9.eyJ1cmwiOiJjaGFyMy1iZWZvcmUtYWZ0ZXIvSkVMLTA1My5tcDQiLCJzY29wZSI6ImRvd25sb2FkIiwiaWF0IjoxNzg2MTMwNDgwLCJleHAiOjE4MTc2NjY0ODB9.18j8eLQLlpuSlcdu3YCZQYRuTD8w7Bcssn7h2SKnH4k
jealousy,JEL-055,"""We miss the old you."" | Suddenly ""friends"" miss the old me now that they see the Ze3pbound results.",Cortex - Huit Octobre 1971,"236 pounds and getting dressed meant whatever still fit, not whatever I liked. I had a whole rotation of black clothes because black was the only thing I felt safe in. The people closest to me had the most to say, and none of it was kind. I'd made peace with staying small in every way except the one I wanted.\n\n73 pounds gone and I tried on a dress off the regular rack and it just fit. I catch my reflection and it takes me a second to place her, and then I smile. The quiet from the people who had so much to say is its own kind of loud.\n\n#momtransformation #beforeandafter #glowup",https://qlcmgxgwpzmiebzxflai.supabase.co/storage/v1/object/sign/char3-before-after/JEL-055.mp4?token=eyJraWQiOiJzdG9yYWdlLXVybC1zaWduaW5nLWtleV85N2JiMDBkNy0yZmE2LTQxOTItOGYxYi0zY2M1ZTA5ODUxNzciLCJhbGciOiJIUzI1NiJ9.eyJ1cmwiOiJjaGFyMy1iZWZvcmUtYWZ0ZXIvSkVMLTA1NS5tcDQiLCJzY29wZSI6ImRvd25sb2FkIiwiaWF0IjoxNzg2MTMwNTA3LCJleHAiOjE4MTc2NjY1MDd9.CDQ6ejCDAc0ynVJX0latZoTfo5zkPcDwNWKTjSWD9U0
jealousy,JEL-060,"""I was thinner than you at your age."" | Suddenly the old photos stay in the album now that she sees the Ze3pbound results.",AURORA - Runaway,278 pounds and every mirror in my house had a towel over it. I ate fine in front of people and then finished the day standing at the counter at midnight not even hungry. Everyone had an opinion. Especially the ones who watched me struggle for years and said nothing then. I remember thinking this was just going to be my life now.\n\n73 pounds gone and I said yes to the beach trip without thinking about it first. I keep the photos now. I don't delete a single one. The quiet from the people who had so much to say is its own kind of loud.\n\n#momtransformation #beforeandafter #glowup,https://qlcmgxgwpzmiebzxflai.supabase.co/storage/v1/object/sign/char3-before-after/JEL-060.mp4?token=eyJraWQiOiJzdG9yYWdlLXVybC1zaWduaW5nLWtleV85N2JiMDBkNy0yZmE2LTQxOTItOGYxYi0zY2M1ZTA5ODUxNzciLCJhbGciOiJIUzI1NiJ9.eyJ1cmwiOiJjaGFyMy1iZWZvcmUtYWZ0ZXIvSkVMLTA2MC5tcDQiLCJzY29wZSI6ImRvd25sb2FkIiwiaWF0IjoxNzg2MTMwNTM1LCJleHAiOjE4MTc2NjY1MzV9.pDxL0eX2JGNP7S8ZBivtwfkUA3VMeYKNbztYx4pJIpE
mito,mitohook-2026-07-27-51812-P01,I can look at how you're trying to lose weight and tell you in 30 seconds why your body isn't responding to your diet. | After a certain point the issue is rarely willpower. It's insulin resistance. | It used to be a dead end. You either fought it forever or gave up. | Now p3ptides let you work with your metabolism instead of against it.,Indila - Tourner Dans Le Vide,"Every diet worked for two weeks and then just stopped. I'd do everything right and the scale would sit there like it was frozen.\n\nWhat changed wasn't more effort, it was finally working with my metabolism instead of against it. First time in years the results actually held.\n\n#beforeandafter #metabolism #realresults",https://qlcmgxgwpzmiebzxflai.supabase.co/storage/v1/object/sign/char3-before-after/mitohook-2026-07-27-51812-P01.mp4?token=eyJraWQiOiJzdG9yYWdlLXVybC1zaWduaW5nLWtleV85N2JiMDBkNy0yZmE2LTQxOTItOGYxYi0zY2M1ZTA5ODUxNzciLCJhbGciOiJIUzI1NiJ9.eyJ1cmwiOiJjaGFyMy1iZWZvcmUtYWZ0ZXIvbWl0b2hvb2stMjAyNi0wNy0yNy01MTgxMi1QMDEubXA0Iiwic2NvcGUiOiJkb3dubG9hZCIsImlhdCI6MTc4NjEzNjMzOSwiZXhwIjoxODE3NjcyMzM5fQ.BBJoO-hmkyHF1OzkpFg1EQ9t1-u6lXEc6Nc46T0CNFo
mito,mitohook-2026-07-27-51812-P02,"I can watch how you're cutting your calories and tell you in 30 seconds why your metabolism has stopped answering. | The real problem usually isn't effort. It's insulin resistance, and you can't diet your way out of it. | That was the wall every woman hit, and there was no way through. | Now p3ptides let you work with your metabolism instead of against it.",Ghost - Mary On A Cross,"I spent years thinking I just needed more discipline. Turns out my body stopped answering a long time ago and no amount of trying was going to change that on its own.\n\nOnce the metabolic side was handled, everything I was already doing finally started working. The scale moved. The energy came back. I stopped fighting my own body.\n\n#weightlosstransformation #metabolism #realresults",https://qlcmgxgwpzmiebzxflai.supabase.co/storage/v1/object/sign/char3-before-after/mitohook-2026-07-27-51812-P02.mp4?token=eyJraWQiOiJzdG9yYWdlLXVybC1zaWduaW5nLWtleV85N2JiMDBkNy0yZmE2LTQxOTItOGYxYi0zY2M1ZTA5ODUxNzciLCJhbGciOiJIUzI1NiJ9.eyJ1cmwiOiJjaGFyMy1iZWZvcmUtYWZ0ZXIvbWl0b2hvb2stMjAyNi0wNy0yNy01MTgxMi1QMDIubXA0Iiwic2NvcGUiOiJkb3dubG9hZCIsImlhdCI6MTc4NjEzNjM2MSwiZXhwIjoxODE3NjcyMzYxfQ.wShsTy2khBcQm2GIdXOqm3ipc0MEgJm2-IP3hp4H5YE
mito,mitohook-2026-07-27-51812-P04,"I can look at what you changed when your cycle changed and tell you in 30 seconds why the scale hasn't moved in weeks. | For most women it's hormonal. Insulin resistance quietly runs the whole show. | That was the wall every woman hit, and there was no way through. | P3ptides quietly fixed the part willpower never could.",AURORA - Runaway,"Every diet worked for two weeks and then just stopped. I'd do everything right and the scale would sit there like it was frozen.\n\nWhat changed wasn't more effort, it was finally working with my metabolism instead of against it. First time in years the results actually held.\n\n#beforeandafter #metabolism #realresults",https://qlcmgxgwpzmiebzxflai.supabase.co/storage/v1/object/sign/char3-before-after/mitohook-2026-07-27-51812-P04.mp4?token=eyJraWQiOiJzdG9yYWdlLXVybC1zaWduaW5nLWtleV85N2JiMDBkNy0yZmE2LTQxOTItOGYxYi0zY2M1ZTA5ODUxNzciLCJhbGciOiJIUzI1NiJ9.eyJ1cmwiOiJjaGFyMy1iZWZvcmUtYWZ0ZXIvbWl0b2hvb2stMjAyNi0wNy0yNy01MTgxMi1QMDQubXA0Iiwic2NvcGUiOiJkb3dubG9hZCIsImlhdCI6MTc4NjEzNjM4NiwiZXhwIjoxODE3NjcyMzg2fQ.z7L-6SGvixnzCjwEWXDZQehnIk-VhVC89C4v1dD9PdQ
mito,mitohook-2026-07-27-51812-P07,"I can look at the way you're training your legs and tell you in 30 seconds why your body isn't responding to your diet. | It's not the calories. It's how your body handles them once insulin resistance sets in. | They told you to eat less and move more, and it never worked. | P3ptides quietly fixed the part willpower never could.",Joe Strummer - Mondo Bongo,"Every diet worked for two weeks and then just stopped. I'd do everything right and the scale would sit there like it was frozen.\n\nWhat changed wasn't more effort, it was finally working with my metabolism instead of against it. First time in years the results actually held.\n\n#beforeandafter #metabolism #realresults",https://qlcmgxgwpzmiebzxflai.supabase.co/storage/v1/object/sign/char3-before-after/mitohook-2026-07-27-51812-P07.mp4?token=eyJraWQiOiJzdG9yYWdlLXVybC1zaWduaW5nLWtleV85N2JiMDBkNy0yZmE2LTQxOTItOGYxYi0zY2M1ZTA5ODUxNzciLCJhbGciOiJIUzI1NiJ9.eyJ1cmwiOiJjaGFyMy1iZWZvcmUtYWZ0ZXIvbWl0b2hvb2stMjAyNi0wNy0yNy01MTgxMi1QMDcubXA0Iiwic2NvcGUiOiJkb3dubG9hZCIsImlhdCI6MTc4NjEzNjQxMiwiZXhwIjoxODE3NjcyNDEyfQ.Rh0zzzIUijeYtYvWgVPs9m_7kX2-x1OARLYjc-bN87k
mito,mitohook-2026-07-27-51812-P08,"I can watch how you're trying to recover after training and tell you in 30 seconds why the scale hasn't moved in weeks. | Nine times out of ten it's insulin resistance, and no meal plan touches that. | You were basically stuck with the body your hormones handed you. | P3ptides are why women who were stuck for years are finally moving.",Sade - I Couldn't Love You More,"I spent years thinking I just needed more discipline. Turns out my body stopped answering a long time ago and no amount of trying was going to change that on its own.\n\nOnce the metabolic side was handled, everything I was already doing finally started working. The scale moved. The energy came back. I stopped fighting my own body.\n\n#weightlosstransformation #metabolism #realresults",https://qlcmgxgwpzmiebzxflai.supabase.co/storage/v1/object/sign/char3-before-after/mitohook-2026-07-27-51812-P08.mp4?token=eyJraWQiOiJzdG9yYWdlLXVybC1zaWduaW5nLWtleV85N2JiMDBkNy0yZmE2LTQxOTItOGYxYi0zY2M1ZTA5ODUxNzciLCJhbGciOiJIUzI1NiJ9.eyJ1cmwiOiJjaGFyMy1iZWZvcmUtYWZ0ZXIvbWl0b2hvb2stMjAyNi0wNy0yNy01MTgxMi1QMDgubXA0Iiwic2NvcGUiOiJkb3dubG9hZCIsImlhdCI6MTc4NjEzNjQzNywiZXhwIjoxODE3NjcyNDM3fQ.BeC5M2ScMojdh66uv8iIjjEjUEgVekzqne-VP-6bQtE
mito,mitohook-2026-07-27-51812-P09,Give me 30 seconds with how you're trying to sleep and I'll tell you why your body isn't responding to your diet. | After a certain point the issue is rarely willpower. It's insulin resistance. | You were basically stuck with the body your hormones handed you. | P3ptides are why women who were stuck for years are finally moving.,Massive Attack - Angel,"For the longest time I blamed myself. The workouts, the eating clean, all of it, and nothing moved. I really thought something was wrong with me.\n\nThe thing is, it was never willpower. Once the metabolic part got addressed the same effort finally paid off. I wish I had known sooner.\n\n#weightlossjourney #metabolism #transformation",https://qlcmgxgwpzmiebzxflai.supabase.co/storage/v1/object/sign/char3-before-after/mitohook-2026-07-27-51812-P09.mp4?token=eyJraWQiOiJzdG9yYWdlLXVybC1zaWduaW5nLWtleV85N2JiMDBkNy0yZmE2LTQxOTItOGYxYi0zY2M1ZTA5ODUxNzciLCJhbGciOiJIUzI1NiJ9.eyJ1cmwiOiJjaGFyMy1iZWZvcmUtYWZ0ZXIvbWl0b2hvb2stMjAyNi0wNy0yNy01MTgxMi1QMDkubXA0Iiwic2NvcGUiOiJkb3dubG9hZCIsImlhdCI6MTc4NjEzNjQ4MCwiZXhwIjoxODE3NjcyNDgwfQ.lkIt1eJLH6ETdqzYy8oZ9blcaIQln0U7eW3tNX-hB7U
mito,mitohook-2026-07-27-51812-P10,I can look at how you're doing your mornings and tell you in 30 seconds why your body isn't responding to your diet. | After a certain point the issue is rarely willpower. It's insulin resistance. | It used to be a dead end. You either fought it forever or gave up. | Now p3ptides let you work with your metabolism instead of against it.,Indila - Tourner Dans Le Vide,"Every diet worked for two weeks and then just stopped. I'd do everything right and the scale would sit there like it was frozen.\n\nWhat changed wasn't more effort, it was finally working with my metabolism instead of against it. First time in years the results actually held.\n\n#beforeandafter #metabolism #realresults",https://qlcmgxgwpzmiebzxflai.supabase.co/storage/v1/object/sign/char3-before-after/mitohook-2026-07-27-51812-P10.mp4?token=eyJraWQiOiJzdG9yYWdlLXVybC1zaWduaW5nLWtleV85N2JiMDBkNy0yZmE2LTQxOTItOGYxYi0zY2M1ZTA5ODUxNzciLCJhbGciOiJIUzI1NiJ9.eyJ1cmwiOiJjaGFyMy1iZWZvcmUtYWZ0ZXIvbWl0b2hvb2stMjAyNi0wNy0yNy01MTgxMi1QMTAubXA0Iiwic2NvcGUiOiJkb3dubG9hZCIsImlhdCI6MTc4NjEzNjUwNiwiZXhwIjoxODE3NjcyNTA2fQ.hhhKjM1vInCZauOBLbHSzB9UrjGxSjQjE8zG9i-bjnQ
mito,mitohook-2026-07-27-51812-R03,"I can watch how you're trying to eat around your workouts and tell you in 30 seconds why the scale hasn't moved in weeks. | Your metabolism answers to insulin and cortisol, not to how hard you try. | They told you to eat less and move more, and it never worked. | P3ptides quietly fixed the part willpower never could.",Enya - Caribbean Blue,"I spent years thinking I just needed more discipline. Turns out my body stopped answering a long time ago and no amount of trying was going to change that on its own.\n\nOnce the metabolic side was handled, everything I was already doing finally started working. The scale moved. The energy came back. I stopped fighting my own body.\n\n#weightlosstransformation #metabolism #realresults",https://qlcmgxgwpzmiebzxflai.supabase.co/storage/v1/object/sign/char3-before-after/mitohook-2026-07-27-51812-R03.mp4?token=eyJraWQiOiJzdG9yYWdlLXVybC1zaWduaW5nLWtleV85N2JiMDBkNy0yZmE2LTQxOTItOGYxYi0zY2M1ZTA5ODUxNzciLCJhbGciOiJIUzI1NiJ9.eyJ1cmwiOiJjaGFyMy1iZWZvcmUtYWZ0ZXIvbWl0b2hvb2stMjAyNi0wNy0yNy01MTgxMi1SMDMubXA0Iiwic2NvcGUiOiJkb3dubG9hZCIsImlhdCI6MTc4NjEzNjUzMSwiZXhwIjoxODE3NjcyNTMxfQ.r7KxgQ1EA_oxShLyiH8e0Uxv2I-dnkuHYfij71DVhzg
mito,mitohook-2026-07-27-51812-R04,"I can look at how you're handling your rest days and tell you in 30 seconds why your metabolism isn't answering. | The thing stalling you is happening at the cellular level, not on the treadmill. | They told you to eat less and move more, and it never worked. | P3ptides quietly fixed the part willpower never could.",Lady Gaga - Bloody Mary,"For the longest time I blamed myself. The workouts, the eating clean, all of it, and nothing moved. I really thought something was wrong with me.\n\nThe thing is, it was never willpower. Once the metabolic part got addressed the same effort finally paid off. I wish I had known sooner.\n\n#weightlossjourney #metabolism #transformation",https://qlcmgxgwpzmiebzxflai.supabase.co/storage/v1/object/sign/char3-before-after/mitohook-2026-07-27-51812-R04.mp4?token=eyJraWQiOiJzdG9yYWdlLXVybC1zaWduaW5nLWtleV85N2JiMDBkNy0yZmE2LTQxOTItOGYxYi0zY2M1ZTA5ODUxNzciLCJhbGciOiJIUzI1NiJ9.eyJ1cmwiOiJjaGFyMy1iZWZvcmUtYWZ0ZXIvbWl0b2hvb2stMjAyNi0wNy0yNy01MTgxMi1SMDQubXA0Iiwic2NvcGUiOiJkb3dubG9hZCIsImlhdCI6MTc4NjEzNjU1MiwiZXhwIjoxODE3NjcyNTUyfQ.eE1si4tRG-e1sPfeFQ6ohsHo12AL4K8otKC8MX4N-VA
mito,mitohook-2026-07-27-51812-R05,"Give me 30 seconds with how you're trying to sleep after a hard training day and I'll tell you why your metabolism isn't answering. | It's not the calories. It's how your body handles them once insulin resistance sets in. | They told you to eat less and move more, and it never worked. | P3ptides quietly fixed the part willpower never could.",Joe Strummer - Mondo Bongo,"Every diet worked for two weeks and then just stopped. I'd do everything right and the scale would sit there like it was frozen.\n\nWhat changed wasn't more effort, it was finally working with my metabolism instead of against it. First time in years the results actually held.\n\n#beforeandafter #metabolism #realresults",https://qlcmgxgwpzmiebzxflai.supabase.co/storage/v1/object/sign/char3-before-after/mitohook-2026-07-27-51812-R05.mp4?token=eyJraWQiOiJzdG9yYWdlLXVybC1zaWduaW5nLWtleV85N2JiMDBkNy0yZmE2LTQxOTItOGYxYi0zY2M1ZTA5ODUxNzciLCJhbGciOiJIUzI1NiJ9.eyJ1cmwiOiJjaGFyMy1iZWZvcmUtYWZ0ZXIvbWl0b2hvb2stMjAyNi0wNy0yNy01MTgxMi1SMDUubXA0Iiwic2NvcGUiOiJkb3dubG9hZCIsImlhdCI6MTc4NjEzNjU4MCwiZXhwIjoxODE3NjcyNTgwfQ.BwOCe849c_JPsnZGYYglXe692r9QZBkTDOgNDxo0Kvs
mito,mitohook-2026-07-27-51812-R06,"I can look at how you're trying to manage your energy through the day and tell you in 30 seconds why your body isn't responding to your diet. | Nine times out of ten it's insulin resistance, and no meal plan touches that. | You were basically stuck with the body your hormones handed you. | P3ptides are why women who were stuck for years are finally moving.",Sade - I Couldn't Love You More,"I spent years thinking I just needed more discipline. Turns out my body stopped answering a long time ago and no amount of trying was going to change that on its own.\n\nOnce the metabolic side was handled, everything I was already doing finally started working. The scale moved. The energy came back. I stopped fighting my own body.\n\n#weightlosstransformation #metabolism #realresults",https://qlcmgxgwpzmiebzxflai.supabase.co/storage/v1/object/sign/char3-before-after/mitohook-2026-07-27-51812-R06.mp4?token=eyJraWQiOiJzdG9yYWdlLXVybC1zaWduaW5nLWtleV85N2JiMDBkNy0yZmE2LTQxOTItOGYxYi0zY2M1ZTA5ODUxNzciLCJhbGciOiJIUzI1NiJ9.eyJ1cmwiOiJjaGFyMy1iZWZvcmUtYWZ0ZXIvbWl0b2hvb2stMjAyNi0wNy0yNy01MTgxMi1SMDYubXA0Iiwic2NvcGUiOiJkb3dubG9hZCIsImlhdCI6MTc4NjEzNjYyMiwiZXhwIjoxODE3NjcyNjIyfQ.7S30A0LBsBP6HSbWDv9rkcTYicNAN64gS9a-hA3O2tk
mito,mitohook-2026-08-07-G01,"I can look at how you're timing your protein and tell you in 30 seconds why your body isn't responding to your diet. | After a certain point the issue is rarely willpower. It's insulin resistance. | That was the wall every woman hit, and there was no way through. | P3ptides quietly fixed the part willpower never could.",Massive Attack - Angel,"Every diet worked for two weeks and then just stopped. I'd do everything right and the scale would sit there like it was frozen.\n\nWhat changed wasn't more effort, it was finally working with my metabolism instead of against it. First time in years the results actually held.\n\n#beforeandafter #metabolism #realresults",https://qlcmgxgwpzmiebzxflai.supabase.co/storage/v1/object/sign/char3-before-after/mitohook-2026-08-07-G01.mp4?token=eyJraWQiOiJzdG9yYWdlLXVybC1zaWduaW5nLWtleV85N2JiMDBkNy0yZmE2LTQxOTItOGYxYi0zY2M1ZTA5ODUxNzciLCJhbGciOiJIUzI1NiJ9.eyJ1cmwiOiJjaGFyMy1iZWZvcmUtYWZ0ZXIvbWl0b2hvb2stMjAyNi0wOC0wNy1HMDEubXA0Iiwic2NvcGUiOiJkb3dubG9hZCIsImlhdCI6MTc4NjEzNjY0NywiZXhwIjoxODE3NjcyNjQ3fQ.vyBmRPRx1GY1B2Qd1-j_5xXRGFV0CUjLVD9uqFx0y9M
mito,mitohook-2026-08-07-G02,"I can watch how you're doing your cardio and tell you in 30 seconds why the scale hasn't moved in weeks. | The real problem usually isn't effort. It's insulin resistance, and you can't diet your way out of it. | They told you to eat less and move more, and it never worked. | P3ptides quietly fixed the part willpower never could.",Madonna - Frozen,"I spent years thinking I just needed more discipline. Turns out my body stopped answering a long time ago and no amount of trying was going to change that on its own.\n\nOnce the metabolic side was handled, everything I was already doing finally started working. The scale moved. The energy came back. I stopped fighting my own body.\n\n#weightlosstransformation #metabolism #realresults",https://qlcmgxgwpzmiebzxflai.supabase.co/storage/v1/object/sign/char3-before-after/mitohook-2026-08-07-G02.mp4?token=eyJraWQiOiJzdG9yYWdlLXVybC1zaWduaW5nLWtleV85N2JiMDBkNy0yZmE2LTQxOTItOGYxYi0zY2M1ZTA5ODUxNzciLCJhbGciOiJIUzI1NiJ9.eyJ1cmwiOiJjaGFyMy1iZWZvcmUtYWZ0ZXIvbWl0b2hvb2stMjAyNi0wOC0wNy1HMDIubXA0Iiwic2NvcGUiOiJkb3dubG9hZCIsImlhdCI6MTc4NjEzNjY2OSwiZXhwIjoxODE3NjcyNjY5fQ.REzhbP4_dcuzV77k3rnOJwX58KNS4PNbrnezo0SlySo
mito,mitohook-2026-08-07-G03,"Give me 30 seconds with how you're eating at night and I'll tell you why your metabolism isn't answering. | Most metabolic issues come down to things you can't control, like insulin resistance. | They told you to eat less and move more, and it never worked. | P3ptides quietly fixed the part willpower never could.",Indila - Tourner Dans Le Vide,"For the longest time I blamed myself. The workouts, the eating clean, all of it, and nothing moved. I really thought something was wrong with me.\n\nThe thing is, it was never willpower. Once the metabolic part got addressed the same effort finally paid off. I wish I had known sooner.\n\n#weightlossjourney #metabolism #transformation",https://qlcmgxgwpzmiebzxflai.supabase.co/storage/v1/object/sign/char3-before-after/mitohook-2026-08-07-G03.mp4?token=eyJraWQiOiJzdG9yYWdlLXVybC1zaWduaW5nLWtleV85N2JiMDBkNy0yZmE2LTQxOTItOGYxYi0zY2M1ZTA5ODUxNzciLCJhbGciOiJIUzI1NiJ9.eyJ1cmwiOiJjaGFyMy1iZWZvcmUtYWZ0ZXIvbWl0b2hvb2stMjAyNi0wOC0wNy1HMDMubXA0Iiwic2NvcGUiOiJkb3dubG9hZCIsImlhdCI6MTc4NjEzNjY5MCwiZXhwIjoxODE3NjcyNjkwfQ.74rqsKx6I5J1qdtKjG4t41MIT3sJc11JoOjGIMaOUME
mito,mitohook-2026-08-07-G04,"I can look at how you're skipping breakfast and tell you in 30 seconds why your body isn't responding to your diet. | For most women it's hormonal. Insulin resistance quietly runs the whole show. | They told you to eat less and move more, and it never worked. | P3ptides quietly fixed the part willpower never could.",Ghost - Mary On A Cross,"Every diet worked for two weeks and then just stopped. I'd do everything right and the scale would sit there like it was frozen.\n\nWhat changed wasn't more effort, it was finally working with my metabolism instead of against it. First time in years the results actually held.\n\n#beforeandafter #metabolism #realresults",https://qlcmgxgwpzmiebzxflai.supabase.co/storage/v1/object/sign/char3-before-after/mitohook-2026-08-07-G04.mp4?token=eyJraWQiOiJzdG9yYWdlLXVybC1zaWduaW5nLWtleV85N2JiMDBkNy0yZmE2LTQxOTItOGYxYi0zY2M1ZTA5ODUxNzciLCJhbGciOiJIUzI1NiJ9.eyJ1cmwiOiJjaGFyMy1iZWZvcmUtYWZ0ZXIvbWl0b2hvb2stMjAyNi0wOC0wNy1HMDQubXA0Iiwic2NvcGUiOiJkb3dubG9hZCIsImlhdCI6MTc4NjEzNjcxMSwiZXhwIjoxODE3NjcyNzExfQ.F5VEJTgVBKu9PXzGsZPlFMFb-oK2G3JF57gKei4G3c8
mito,mitohook-2026-08-07-G05,"I can spot how you're undereating and tell you in 30 seconds why your metabolism has stopped answering. | Your metabolism answers to insulin and cortisol, not to how hard you try. | You were basically stuck with the body your hormones handed you. | P3ptides are why women who were stuck for years are finally moving.",Cortex - Huit Octobre 1971,"I spent years thinking I just needed more discipline. Turns out my body stopped answering a long time ago and no amount of trying was going to change that on its own.\n\nOnce the metabolic side was handled, everything I was already doing finally started working. The scale moved. The energy came back. I stopped fighting my own body.\n\n#weightlosstransformation #metabolism #realresults",https://qlcmgxgwpzmiebzxflai.supabase.co/storage/v1/object/sign/char3-before-after/mitohook-2026-08-07-G05.mp4?token=eyJraWQiOiJzdG9yYWdlLXVybC1zaWduaW5nLWtleV85N2JiMDBkNy0yZmE2LTQxOTItOGYxYi0zY2M1ZTA5ODUxNzciLCJhbGciOiJIUzI1NiJ9.eyJ1cmwiOiJjaGFyMy1iZWZvcmUtYWZ0ZXIvbWl0b2hvb2stMjAyNi0wOC0wNy1HMDUubXA0Iiwic2NvcGUiOiJkb3dubG9hZCIsImlhdCI6MTc4NjEzNjc1NiwiZXhwIjoxODE3NjcyNzU2fQ.zqU0xogJA2IgjUARHqYzSMydpKijCkh-ERYH7SBZEHw
mito,mitohook-2026-08-07-G06,"I can watch how you're getting your steps and tell you in 30 seconds why the scale hasn't moved in weeks. | The thing stalling you is happening at the cellular level, not on the treadmill. | You were basically stuck with the body your hormones handed you. | P3ptides are why women who were stuck for years are finally moving.",AURORA - Runaway,"For the longest time I blamed myself. The workouts, the eating clean, all of it, and nothing moved. I really thought something was wrong with me.\n\nThe thing is, it was never willpower. Once the metabolic part got addressed the same effort finally paid off. I wish I had known sooner.\n\n#weightlossjourney #metabolism #transformation",https://qlcmgxgwpzmiebzxflai.supabase.co/storage/v1/object/sign/char3-before-after/mitohook-2026-08-07-G06.mp4?token=eyJraWQiOiJzdG9yYWdlLXVybC1zaWduaW5nLWtleV85N2JiMDBkNy0yZmE2LTQxOTItOGYxYi0zY2M1ZTA5ODUxNzciLCJhbGciOiJIUzI1NiJ9.eyJ1cmwiOiJjaGFyMy1iZWZvcmUtYWZ0ZXIvbWl0b2hvb2stMjAyNi0wOC0wNy1HMDYubXA0Iiwic2NvcGUiOiJkb3dubG9hZCIsImlhdCI6MTc4NjEzNjc3OSwiZXhwIjoxODE3NjcyNzc5fQ.r2xj3d-nV7L7gGpW3lE7BofDd46NNOdRZAluYlm_0dE
mito,mitohook-2026-08-07-G07,Give me 30 seconds with how you're handling your stress and I'll tell you why your body isn't responding to your diet. | It's not the calories. It's how your body handles them once insulin resistance sets in. | You were basically stuck with the body your hormones handed you. | P3ptides are why women who were stuck for years are finally moving.,Enya - Caribbean Blue,"Every diet worked for two weeks and then just stopped. I'd do everything right and the scale would sit there like it was frozen.\n\nWhat changed wasn't more effort, it was finally working with my metabolism instead of against it. First time in years the results actually held.\n\n#beforeandafter #metabolism #realresults",https://qlcmgxgwpzmiebzxflai.supabase.co/storage/v1/object/sign/char3-before-after/mitohook-2026-08-07-G07.mp4?token=eyJraWQiOiJzdG9yYWdlLXVybC1zaWduaW5nLWtleV85N2JiMDBkNy0yZmE2LTQxOTItOGYxYi0zY2M1ZTA5ODUxNzciLCJhbGciOiJIUzI1NiJ9.eyJ1cmwiOiJjaGFyMy1iZWZvcmUtYWZ0ZXIvbWl0b2hvb2stMjAyNi0wOC0wNy1HMDcubXA0Iiwic2NvcGUiOiJkb3dubG9hZCIsImlhdCI6MTc4NjEzNjgwNCwiZXhwIjoxODE3NjcyODA0fQ.2bHLajH6oJE5A46qclOXJGayYvBRQLrCpW33nJsfx6Y
mito,mitohook-2026-08-07-G08,"I can look at how much you're actually lifting and tell you in 30 seconds why your metabolism isn't answering. | Nine times out of ten it's insulin resistance, and no meal plan touches that. | Until recently there was nothing you could actually do about it. | P3ptides are why women who were stuck for years are finally moving.",Lady Gaga - Bloody Mary,"I spent years thinking I just needed more discipline. Turns out my body stopped answering a long time ago and no amount of trying was going to change that on its own.\n\nOnce the metabolic side was handled, everything I was already doing finally started working. The scale moved. The energy came back. I stopped fighting my own body.\n\n#weightlosstransformation #metabolism #realresults",https://qlcmgxgwpzmiebzxflai.supabase.co/storage/v1/object/sign/char3-before-after/mitohook-2026-08-07-G08.mp4?token=eyJraWQiOiJzdG9yYWdlLXVybC1zaWduaW5nLWtleV85N2JiMDBkNy0yZmE2LTQxOTItOGYxYi0zY2M1ZTA5ODUxNzciLCJhbGciOiJIUzI1NiJ9.eyJ1cmwiOiJjaGFyMy1iZWZvcmUtYWZ0ZXIvbWl0b2hvb2stMjAyNi0wOC0wNy1HMDgubXA0Iiwic2NvcGUiOiJkb3dubG9hZCIsImlhdCI6MTc4NjEzNjgyOSwiZXhwIjoxODE3NjcyODI5fQ.dg1G_NCuZCqk7ONEqL5d04HupJXNXUxZ3IGbcPn_k80
mito,mitohook-2026-08-07-G09,I can watch how you're doing your fasting and tell you in 30 seconds why your body isn't responding to your diet. | After a certain point the issue is rarely willpower. It's insulin resistance. | Until recently there was nothing you could actually do about it. | P3ptides are why women who were stuck for years are finally moving.,Joe Strummer - Mondo Bongo,"For the longest time I blamed myself. The workouts, the eating clean, all of it, and nothing moved. I really thought something was wrong with me.\n\nThe thing is, it was never willpower. Once the metabolic part got addressed the same effort finally paid off. I wish I had known sooner.\n\n#weightlossjourney #metabolism #transformation",https://qlcmgxgwpzmiebzxflai.supabase.co/storage/v1/object/sign/char3-before-after/mitohook-2026-08-07-G09.mp4?token=eyJraWQiOiJzdG9yYWdlLXVybC1zaWduaW5nLWtleV85N2JiMDBkNy0yZmE2LTQxOTItOGYxYi0zY2M1ZTA5ODUxNzciLCJhbGciOiJIUzI1NiJ9.eyJ1cmwiOiJjaGFyMy1iZWZvcmUtYWZ0ZXIvbWl0b2hvb2stMjAyNi0wOC0wNy1HMDkubXA0Iiwic2NvcGUiOiJkb3dubG9hZCIsImlhdCI6MTc4NjEzNjg1MCwiZXhwIjoxODE3NjcyODUwfQ._QhJa_eEQr1kzU-q8owzjmAvS2VESv4ZeSE_rBMsWWo
mito,mitohook-2026-08-07-G10,"I can look at how you're fueling your workouts and tell you in 30 seconds why the scale hasn't moved in weeks. | After a certain point the issue is rarely willpower. It's insulin resistance. | That was the wall every woman hit, and there was no way through. | P3ptides quietly fixed the part willpower never could.",Massive Attack - Angel,"Every diet worked for two weeks and then just stopped. I'd do everything right and the scale would sit there like it was frozen.\n\nWhat changed wasn't more effort, it was finally working with my metabolism instead of against it. First time in years the results actually held.\n\n#beforeandafter #metabolism #realresults",https://qlcmgxgwpzmiebzxflai.supabase.co/storage/v1/object/sign/char3-before-after/mitohook-2026-08-07-G10.mp4?token=eyJraWQiOiJzdG9yYWdlLXVybC1zaWduaW5nLWtleV85N2JiMDBkNy0yZmE2LTQxOTItOGYxYi0zY2M1ZTA5ODUxNzciLCJhbGciOiJIUzI1NiJ9.eyJ1cmwiOiJjaGFyMy1iZWZvcmUtYWZ0ZXIvbWl0b2hvb2stMjAyNi0wOC0wNy1HMTAubXA0Iiwic2NvcGUiOiJkb3dubG9hZCIsImlhdCI6MTc4NjEzNjg5OCwiZXhwIjoxODE3NjcyODk4fQ.9-IAXHdFoikS84uERU3-_BdROvt5tkUIPmXgwB5CZO0
mito,mitohook-2026-08-07-G11,"Give me 30 seconds with how much you're really eating and I'll tell you why your metabolism has stopped answering. | The real problem usually isn't effort. It's insulin resistance, and you can't diet your way out of it. | They told you to eat less and move more, and it never worked. | P3ptides quietly fixed the part willpower never could.",Madonna - Frozen,"I spent years thinking I just needed more discipline. Turns out my body stopped answering a long time ago and no amount of trying was going to change that on its own.\n\nOnce the metabolic side was handled, everything I was already doing finally started working. The scale moved. The energy came back. I stopped fighting my own body.\n\n#weightlosstransformation #metabolism #realresults",https://qlcmgxgwpzmiebzxflai.supabase.co/storage/v1/object/sign/char3-before-after/mitohook-2026-08-07-G11.mp4?token=eyJraWQiOiJzdG9yYWdlLXVybC1zaWduaW5nLWtleV85N2JiMDBkNy0yZmE2LTQxOTItOGYxYi0zY2M1ZTA5ODUxNzciLCJhbGciOiJIUzI1NiJ9.eyJ1cmwiOiJjaGFyMy1iZWZvcmUtYWZ0ZXIvbWl0b2hvb2stMjAyNi0wOC0wNy1HMTEubXA0Iiwic2NvcGUiOiJkb3dubG9hZCIsImlhdCI6MTc4NjEzNjkyNSwiZXhwIjoxODE3NjcyOTI1fQ.AJmYAFUh3Y8mkWaKm6j-C9IO6YAjXxRVvIVfqMADIwo
mito,mitohook-2026-08-07-G12,"I can look at how you're handling your carbs and tell you in 30 seconds why your metabolism isn't answering. | Most metabolic issues come down to things you can't control, like insulin resistance. | They told you to eat less and move more, and it never worked. | P3ptides quietly fixed the part willpower never could.",Indila - Tourner Dans Le Vide,"For the longest time I blamed myself. The workouts, the eating clean, all of it, and nothing moved. I really thought something was wrong with me.\n\nThe thing is, it was never willpower. Once the metabolic part got addressed the same effort finally paid off. I wish I had known sooner.\n\n#weightlossjourney #metabolism #transformation",https://qlcmgxgwpzmiebzxflai.supabase.co/storage/v1/object/sign/char3-before-after/mitohook-2026-08-07-G12.mp4?token=eyJraWQiOiJzdG9yYWdlLXVybC1zaWduaW5nLWtleV85N2JiMDBkNy0yZmE2LTQxOTItOGYxYi0zY2M1ZTA5ODUxNzciLCJhbGciOiJIUzI1NiJ9.eyJ1cmwiOiJjaGFyMy1iZWZvcmUtYWZ0ZXIvbWl0b2hvb2stMjAyNi0wOC0wNy1HMTIubXA0Iiwic2NvcGUiOiJkb3dubG9hZCIsImlhdCI6MTc4NjEzNjk1MywiZXhwIjoxODE3NjcyOTUzfQ.gLdgCHBKlP_8AArGtINIbgEMXasJZeIca3OKM23pRfM
mito,mitohook-2026-08-07-G13,"I can watch how you're training your upper body and tell you in 30 seconds why the scale hasn't moved in weeks. | For most women it's hormonal. Insulin resistance quietly runs the whole show. | They told you to eat less and move more, and it never worked. | P3ptides quietly fixed the part willpower never could.",Ghost - Mary On A Cross,"Every diet worked for two weeks and then just stopped. I'd do everything right and the scale would sit there like it was frozen.\n\nWhat changed wasn't more effort, it was finally working with my metabolism instead of against it. First time in years the results actually held.\n\n#beforeandafter #metabolism #realresults",https://qlcmgxgwpzmiebzxflai.supabase.co/storage/v1/object/sign/char3-before-after/mitohook-2026-08-07-G13.mp4?token=eyJraWQiOiJzdG9yYWdlLXVybC1zaWduaW5nLWtleV85N2JiMDBkNy0yZmE2LTQxOTItOGYxYi0zY2M1ZTA5ODUxNzciLCJhbGciOiJIUzI1NiJ9.eyJ1cmwiOiJjaGFyMy1iZWZvcmUtYWZ0ZXIvbWl0b2hvb2stMjAyNi0wOC0wNy1HMTMubXA0Iiwic2NvcGUiOiJkb3dubG9hZCIsImlhdCI6MTc4NjEzNjk5MiwiZXhwIjoxODE3NjcyOTkyfQ.9D5kmMcvJHpXAosdNJg_kGFZy9UEcXhIU5qXbxMb98w
mito,mitohook-2026-08-07-G14,"I can look at how your energy crashes in the afternoon and tell you in 30 seconds why your metabolism isn't answering. | Your metabolism answers to insulin and cortisol, not to how hard you try. | You were basically stuck with the body your hormones handed you. | P3ptides are why women who were stuck for years are finally moving.",Cortex - Huit Octobre 1971,"I spent years thinking I just needed more discipline. Turns out my body stopped answering a long time ago and no amount of trying was going to change that on its own.\n\nOnce the metabolic side was handled, everything I was already doing finally started working. The scale moved. The energy came back. I stopped fighting my own body.\n\n#weightlosstransformation #metabolism #realresults",https://qlcmgxgwpzmiebzxflai.supabase.co/storage/v1/object/sign/char3-before-after/mitohook-2026-08-07-G14.mp4?token=eyJraWQiOiJzdG9yYWdlLXVybC1zaWduaW5nLWtleV85N2JiMDBkNy0yZmE2LTQxOTItOGYxYi0zY2M1ZTA5ODUxNzciLCJhbGciOiJIUzI1NiJ9.eyJ1cmwiOiJjaGFyMy1iZWZvcmUtYWZ0ZXIvbWl0b2hvb2stMjAyNi0wOC0wNy1HMTQubXA0Iiwic2NvcGUiOiJkb3dubG9hZCIsImlhdCI6MTc4NjEzNzAyMCwiZXhwIjoxODE3NjczMDIwfQ.WzseesebcbgQKvV3uLajYI1o8LFbpmCWDzPOO8Xb8Jw
mito,mitohook-2026-08-07-G15,"I can spot where you're carrying weight around your middle and tell you in 30 seconds why your body isn't responding to your diet. | The thing stalling you is happening at the cellular level, not on the treadmill. | You were basically stuck with the body your hormones handed you. | P3ptides are why women who were stuck for years are finally moving.",AURORA - Runaway,"For the longest time I blamed myself. The workouts, the eating clean, all of it, and nothing moved. I really thought something was wrong with me.\n\nThe thing is, it was never willpower. Once the metabolic part got addressed the same effort finally paid off. I wish I had known sooner.\n\n#weightlossjourney #metabolism #transformation",https://qlcmgxgwpzmiebzxflai.supabase.co/storage/v1/object/sign/char3-before-after/mitohook-2026-08-07-G15.mp4?token=eyJraWQiOiJzdG9yYWdlLXVybC1zaWduaW5nLWtleV85N2JiMDBkNy0yZmE2LTQxOTItOGYxYi0zY2M1ZTA5ODUxNzciLCJhbGciOiJIUzI1NiJ9.eyJ1cmwiOiJjaGFyMy1iZWZvcmUtYWZ0ZXIvbWl0b2hvb2stMjAyNi0wOC0wNy1HMTUubXA0Iiwic2NvcGUiOiJkb3dubG9hZCIsImlhdCI6MTc4NjEzNzA3OSwiZXhwIjoxODE3NjczMDc5fQ.4jgoTGHjbobcRPql4eHXWSoMU5ButntPETYP69Mictg
mito,mitohook-2026-08-07-G16,I can look at how you're spacing your meals and tell you in 30 seconds why your body isn't responding to your diet. | It's not the calories. It's how your body handles them once insulin resistance sets in. | You were basically stuck with the body your hormones handed you. | P3ptides are why women who were stuck for years are finally moving.,Enya - Caribbean Blue,"Every diet worked for two weeks and then just stopped. I'd do everything right and the scale would sit there like it was frozen.\n\nWhat changed wasn't more effort, it was finally working with my metabolism instead of against it. First time in years the results actually held.\n\n#beforeandafter #metabolism #realresults",https://qlcmgxgwpzmiebzxflai.supabase.co/storage/v1/object/sign/char3-before-after/mitohook-2026-08-07-G16.mp4?token=eyJraWQiOiJzdG9yYWdlLXVybC1zaWduaW5nLWtleV85N2JiMDBkNy0yZmE2LTQxOTItOGYxYi0zY2M1ZTA5ODUxNzciLCJhbGciOiJIUzI1NiJ9.eyJ1cmwiOiJjaGFyMy1iZWZvcmUtYWZ0ZXIvbWl0b2hvb2stMjAyNi0wOC0wNy1HMTYubXA0Iiwic2NvcGUiOiJkb3dubG9hZCIsImlhdCI6MTc4NjEzNzEwOCwiZXhwIjoxODE3NjczMTA4fQ.FvuUV8Ok6t8elxP67qwmxPYlz6rQeekpTbv6CcDUfjk
mito,mitohook-2026-08-07-G17,"I can watch how your blood sugar swings after meals and tell you in 30 seconds why the scale hasn't moved in weeks. | Nine times out of ten it's insulin resistance, and no meal plan touches that. | Until recently there was nothing you could actually do about it. | P3ptides are why women who were stuck for years are finally moving.",Lady Gaga - Bloody Mary,"I spent years thinking I just needed more discipline. Turns out my body stopped answering a long time ago and no amount of trying was going to change that on its own.\n\nOnce the metabolic side was handled, everything I was already doing finally started working. The scale moved. The energy came back. I stopped fighting my own body.\n\n#weightlosstransformation #metabolism #realresults",https://qlcmgxgwpzmiebzxflai.supabase.co/storage/v1/object/sign/char3-before-after/mitohook-2026-08-07-G17.mp4?token=eyJraWQiOiJzdG9yYWdlLXVybC1zaWduaW5nLWtleV85N2JiMDBkNy0yZmE2LTQxOTItOGYxYi0zY2M1ZTA5ODUxNzciLCJhbGciOiJIUzI1NiJ9.eyJ1cmwiOiJjaGFyMy1iZWZvcmUtYWZ0ZXIvbWl0b2hvb2stMjAyNi0wOC0wNy1HMTcubXA0Iiwic2NvcGUiOiJkb3dubG9hZCIsImlhdCI6MTc4NjEzNzEzNiwiZXhwIjoxODE3NjczMTM2fQ.lSogYbPQ6Uj9ccw2J9sYoPr9uuFrrMwwTglpmH_v5do
mito,mitohook-2026-08-07-G18,Give me 30 seconds with how you're drinking your water and I'll tell you why your metabolism isn't answering. | After a certain point the issue is rarely willpower. It's insulin resistance. | Until recently there was nothing you could actually do about it. | P3ptides are why women who were stuck for years are finally moving.,Joe Strummer - Mondo Bongo,"For the longest time I blamed myself. The workouts, the eating clean, all of it, and nothing moved. I really thought something was wrong with me.\n\nThe thing is, it was never willpower. Once the metabolic part got addressed the same effort finally paid off. I wish I had known sooner.\n\n#weightlossjourney #metabolism #transformation",https://qlcmgxgwpzmiebzxflai.supabase.co/storage/v1/object/sign/char3-before-after/mitohook-2026-08-07-G18.mp4?token=eyJraWQiOiJzdG9yYWdlLXVybC1zaWduaW5nLWtleV85N2JiMDBkNy0yZmE2LTQxOTItOGYxYi0zY2M1ZTA5ODUxNzciLCJhbGciOiJIUzI1NiJ9.eyJ1cmwiOiJjaGFyMy1iZWZvcmUtYWZ0ZXIvbWl0b2hvb2stMjAyNi0wOC0wNy1HMTgubXA0Iiwic2NvcGUiOiJkb3dubG9hZCIsImlhdCI6MTc4NjEzNzE2NCwiZXhwIjoxODE3NjczMTY0fQ.MkjCnMrk2MprJuDuH-bT4VQYwLigqJQF72jUHurAX0U
mito,mitohook-2026-08-07-G19,"I can look at how tired you wake up in the morning and tell you in 30 seconds why your metabolism has stopped answering. | The real problem usually isn't effort. It's insulin resistance, and you can't diet your way out of it. | Until recently there was nothing you could actually do about it. | P3ptides are the reason the scale is moving again.",Sade - I Couldn't Love You More,"Every diet worked for two weeks and then just stopped. I'd do everything right and the scale would sit there like it was frozen.\n\nWhat changed wasn't more effort, it was finally working with my metabolism instead of against it. First time in years the results actually held.\n\n#beforeandafter #metabolism #realresults",https://qlcmgxgwpzmiebzxflai.supabase.co/storage/v1/object/sign/char3-before-after/mitohook-2026-08-07-G19.mp4?token=eyJraWQiOiJzdG9yYWdlLXVybC1zaWduaW5nLWtleV85N2JiMDBkNy0yZmE2LTQxOTItOGYxYi0zY2M1ZTA5ODUxNzciLCJhbGciOiJIUzI1NiJ9.eyJ1cmwiOiJjaGFyMy1iZWZvcmUtYWZ0ZXIvbWl0b2hvb2stMjAyNi0wOC0wNy1HMTkubXA0Iiwic2NvcGUiOiJkb3dubG9hZCIsImlhdCI6MTc4NjEzNzE5MSwiZXhwIjoxODE3NjczMTkxfQ.zb9FNrNyW0z_02NhjMq8y9GqSExjJqr4yqZM216MNHU
mito,mitohook-2026-08-07-G20,"Give me 30 seconds with your afternoon brain fog and I'll tell you why your body isn't responding to your diet. | The real problem usually isn't effort. It's insulin resistance, and you can't diet your way out of it. | They told you to eat less and move more, and it never worked. | P3ptides quietly fixed the part willpower never could.",Madonna - Frozen,"I spent years thinking I just needed more discipline. Turns out my body stopped answering a long time ago and no amount of trying was going to change that on its own.\n\nOnce the metabolic side was handled, everything I was already doing finally started working. The scale moved. The energy came back. I stopped fighting my own body.\n\n#weightlosstransformation #metabolism #realresults",https://qlcmgxgwpzmiebzxflai.supabase.co/storage/v1/object/sign/char3-before-after/mitohook-2026-08-07-G20.mp4?token=eyJraWQiOiJzdG9yYWdlLXVybC1zaWduaW5nLWtleV85N2JiMDBkNy0yZmE2LTQxOTItOGYxYi0zY2M1ZTA5ODUxNzciLCJhbGciOiJIUzI1NiJ9.eyJ1cmwiOiJjaGFyMy1iZWZvcmUtYWZ0ZXIvbWl0b2hvb2stMjAyNi0wOC0wNy1HMjAubXA0Iiwic2NvcGUiOiJkb3dubG9hZCIsImlhdCI6MTc4NjEzNzIzNSwiZXhwIjoxODE3NjczMjM1fQ.OZPFzsdHaQqjRjA38B4D8a5lmH5hUIjN7k4efC2sIfU
mito,mitohook-2026-08-07-G21,"I can watch how you're handling your sugar and tell you in 30 seconds why your body isn't responding to your diet. | Most metabolic issues come down to things you can't control, like insulin resistance. | They told you to eat less and move more, and it never worked. | P3ptides quietly fixed the part willpower never could.",Indila - Tourner Dans Le Vide,"For the longest time I blamed myself. The workouts, the eating clean, all of it, and nothing moved. I really thought something was wrong with me.\n\nThe thing is, it was never willpower. Once the metabolic part got addressed the same effort finally paid off. I wish I had known sooner.\n\n#weightlossjourney #metabolism #transformation",https://qlcmgxgwpzmiebzxflai.supabase.co/storage/v1/object/sign/char3-before-after/mitohook-2026-08-07-G21.mp4?token=eyJraWQiOiJzdG9yYWdlLXVybC1zaWduaW5nLWtleV85N2JiMDBkNy0yZmE2LTQxOTItOGYxYi0zY2M1ZTA5ODUxNzciLCJhbGciOiJIUzI1NiJ9.eyJ1cmwiOiJjaGFyMy1iZWZvcmUtYWZ0ZXIvbWl0b2hvb2stMjAyNi0wOC0wNy1HMjEubXA0Iiwic2NvcGUiOiJkb3dubG9hZCIsImlhdCI6MTc4NjEzNzI2MCwiZXhwIjoxODE3NjczMjYwfQ.akK4Q5CSxX8bWDuWhIhF6G7eoEDoEHOrrCdoZlX1Zk0
mito,mitohook-2026-08-07-G22,"I can look at how fast you gain it back and tell you in 30 seconds why your metabolism isn't answering. | For most women it's hormonal. Insulin resistance quietly runs the whole show. | They told you to eat less and move more, and it never worked. | P3ptides quietly fixed the part willpower never could.",Ghost - Mary On A Cross,"Every diet worked for two weeks and then just stopped. I'd do everything right and the scale would sit there like it was frozen.\n\nWhat changed wasn't more effort, it was finally working with my metabolism instead of against it. First time in years the results actually held.\n\n#beforeandafter #metabolism #realresults",https://qlcmgxgwpzmiebzxflai.supabase.co/storage/v1/object/sign/char3-before-after/mitohook-2026-08-07-G22.mp4?token=eyJraWQiOiJzdG9yYWdlLXVybC1zaWduaW5nLWtleV85N2JiMDBkNy0yZmE2LTQxOTItOGYxYi0zY2M1ZTA5ODUxNzciLCJhbGciOiJIUzI1NiJ9.eyJ1cmwiOiJjaGFyMy1iZWZvcmUtYWZ0ZXIvbWl0b2hvb2stMjAyNi0wOC0wNy1HMjIubXA0Iiwic2NvcGUiOiJkb3dubG9hZCIsImlhdCI6MTc4NjEzNzI4NiwiZXhwIjoxODE3NjczMjg2fQ.BjqYk2eTPmCGP15QXZgMjFnKwYotTxJPVxau-C8T2UE
mito,mitohook-2026-08-07-G23,"I can look at how you're breaking your fast and tell you in 30 seconds why your metabolism isn't answering. | Your metabolism answers to insulin and cortisol, not to how hard you try. | You were basically stuck with the body your hormones handed you. | P3ptides are why women who were stuck for years are finally moving.",Cortex - Huit Octobre 1971,"I spent years thinking I just needed more discipline. Turns out my body stopped answering a long time ago and no amount of trying was going to change that on its own.\n\nOnce the metabolic side was handled, everything I was already doing finally started working. The scale moved. The energy came back. I stopped fighting my own body.\n\n#weightlosstransformation #metabolism #realresults",https://qlcmgxgwpzmiebzxflai.supabase.co/storage/v1/object/sign/char3-before-after/mitohook-2026-08-07-G23.mp4?token=eyJraWQiOiJzdG9yYWdlLXVybC1zaWduaW5nLWtleV85N2JiMDBkNy0yZmE2LTQxOTItOGYxYi0zY2M1ZTA5ODUxNzciLCJhbGciOiJIUzI1NiJ9.eyJ1cmwiOiJjaGFyMy1iZWZvcmUtYWZ0ZXIvbWl0b2hvb2stMjAyNi0wOC0wNy1HMjMubXA0Iiwic2NvcGUiOiJkb3dubG9hZCIsImlhdCI6MTc4NjEzNzMxNSwiZXhwIjoxODE3NjczMzE1fQ.a3KgJhLN4R3LZrTDt5jpGyMEhX5tqO6Mda2CRBDPcww
mito,mitohook-2026-08-07-G24,"I can spot how hard your cravings hit after eating and tell you in 30 seconds why your body isn't responding to your diet. | The thing stalling you is happening at the cellular level, not on the treadmill. | You were basically stuck with the body your hormones handed you. | P3ptides are why women who were stuck for years are finally moving.",AURORA - Runaway,"For the longest time I blamed myself. The workouts, the eating clean, all of it, and nothing moved. I really thought something was wrong with me.\n\nThe thing is, it was never willpower. Once the metabolic part got addressed the same effort finally paid off. I wish I had known sooner.\n\n#weightlossjourney #metabolism #transformation",https://qlcmgxgwpzmiebzxflai.supabase.co/storage/v1/object/sign/char3-before-after/mitohook-2026-08-07-G24.mp4?token=eyJraWQiOiJzdG9yYWdlLXVybC1zaWduaW5nLWtleV85N2JiMDBkNy0yZmE2LTQxOTItOGYxYi0zY2M1ZTA5ODUxNzciLCJhbGciOiJIUzI1NiJ9.eyJ1cmwiOiJjaGFyMy1iZWZvcmUtYWZ0ZXIvbWl0b2hvb2stMjAyNi0wOC0wNy1HMjQubXA0Iiwic2NvcGUiOiJkb3dubG9hZCIsImlhdCI6MTc4NjEzNzM0NiwiZXhwIjoxODE3NjczMzQ2fQ.jUzaxb5e_pe1drkPE3sJE0qOlsmotneQ3Fz7dQRkMko
mito,mitohook-2026-08-07-G25,Give me 30 seconds with how you handle your cravings and I'll tell you why your metabolism has stopped answering. | It's not the calories. It's how your body handles them once insulin resistance sets in. | You were basically stuck with the body your hormones handed you. | P3ptides are why women who were stuck for years are finally moving.,Enya - Caribbean Blue,"Every diet worked for two weeks and then just stopped. I'd do everything right and the scale would sit there like it was frozen.\n\nWhat changed wasn't more effort, it was finally working with my metabolism instead of against it. First time in years the results actually held.\n\n#beforeandafter #metabolism #realresults",https://qlcmgxgwpzmiebzxflai.supabase.co/storage/v1/object/sign/char3-before-after/mitohook-2026-08-07-G25.mp4?token=eyJraWQiOiJzdG9yYWdlLXVybC1zaWduaW5nLWtleV85N2JiMDBkNy0yZmE2LTQxOTItOGYxYi0zY2M1ZTA5ODUxNzciLCJhbGciOiJIUzI1NiJ9.eyJ1cmwiOiJjaGFyMy1iZWZvcmUtYWZ0ZXIvbWl0b2hvb2stMjAyNi0wOC0wNy1HMjUubXA0Iiwic2NvcGUiOiJkb3dubG9hZCIsImlhdCI6MTc4NjEzNzM5OCwiZXhwIjoxODE3NjczMzk4fQ.F68jPDo9WJBG7yLd9qN-cRZlq466Rb39j7qOUO7RpY8
mito,mitohook-2026-08-07-G26,"I can look at how you're doing your post-workout meal and tell you in 30 seconds why the scale hasn't moved in weeks. | Nine times out of ten it's insulin resistance, and no meal plan touches that. | Until recently there was nothing you could actually do about it. | P3ptides are why women who were stuck for years are finally moving.",Lady Gaga - Bloody Mary,"I spent years thinking I just needed more discipline. Turns out my body stopped answering a long time ago and no amount of trying was going to change that on its own.\n\nOnce the metabolic side was handled, everything I was already doing finally started working. The scale moved. The energy came back. I stopped fighting my own body.\n\n#weightlosstransformation #metabolism #realresults",https://qlcmgxgwpzmiebzxflai.supabase.co/storage/v1/object/sign/char3-before-after/mitohook-2026-08-07-G26.mp4?token=eyJraWQiOiJzdG9yYWdlLXVybC1zaWduaW5nLWtleV85N2JiMDBkNy0yZmE2LTQxOTItOGYxYi0zY2M1ZTA5ODUxNzciLCJhbGciOiJIUzI1NiJ9.eyJ1cmwiOiJjaGFyMy1iZWZvcmUtYWZ0ZXIvbWl0b2hvb2stMjAyNi0wOC0wNy1HMjYubXA0Iiwic2NvcGUiOiJkb3dubG9hZCIsImlhdCI6MTc4NjEzNzQyNywiZXhwIjoxODE3NjczNDI3fQ.FRLaXhyFDi0P-QHGcB_ssELjavd4VmbD57omCrNg5z8
mito,mitohook-2026-08-07-G27,I can look at how long your weight has been stuck and tell you in 30 seconds why your metabolism has stopped answering. | After a certain point the issue is rarely willpower. It's insulin resistance. | Until recently there was nothing you could actually do about it. | P3ptides are why women who were stuck for years are finally moving.,Joe Strummer - Mondo Bongo,"For the longest time I blamed myself. The workouts, the eating clean, all of it, and nothing moved. I really thought something was wrong with me.\n\nThe thing is, it was never willpower. Once the metabolic part got addressed the same effort finally paid off. I wish I had known sooner.\n\n#weightlossjourney #metabolism #transformation",https://qlcmgxgwpzmiebzxflai.supabase.co/storage/v1/object/sign/char3-before-after/mitohook-2026-08-07-G27.mp4?token=eyJraWQiOiJzdG9yYWdlLXVybC1zaWduaW5nLWtleV85N2JiMDBkNy0yZmE2LTQxOTItOGYxYi0zY2M1ZTA5ODUxNzciLCJhbGciOiJIUzI1NiJ9.eyJ1cmwiOiJjaGFyMy1iZWZvcmUtYWZ0ZXIvbWl0b2hvb2stMjAyNi0wOC0wNy1HMjcubXA0Iiwic2NvcGUiOiJkb3dubG9hZCIsImlhdCI6MTc4NjEzNzQ1NCwiZXhwIjoxODE3NjczNDU0fQ.MvcrX1_o7dvJWp8U1YS34ZTjSYUPLaNAGGDIKXXJRRw
mito,mitohook-2026-08-07-G28,"I can watch how you're walking after you eat and tell you in 30 seconds why your metabolism isn't answering. | The real problem usually isn't effort. It's insulin resistance, and you can't diet your way out of it. | Until recently there was nothing you could actually do about it. | P3ptides are the reason the scale is moving again.",Sade - I Couldn't Love You More,"Every diet worked for two weeks and then just stopped. I'd do everything right and the scale would sit there like it was frozen.\n\nWhat changed wasn't more effort, it was finally working with my metabolism instead of against it. First time in years the results actually held.\n\n#beforeandafter #metabolism #realresults",https://qlcmgxgwpzmiebzxflai.supabase.co/storage/v1/object/sign/char3-before-after/mitohook-2026-08-07-G28.mp4?token=eyJraWQiOiJzdG9yYWdlLXVybC1zaWduaW5nLWtleV85N2JiMDBkNy0yZmE2LTQxOTItOGYxYi0zY2M1ZTA5ODUxNzciLCJhbGciOiJIUzI1NiJ9.eyJ1cmwiOiJjaGFyMy1iZWZvcmUtYWZ0ZXIvbWl0b2hvb2stMjAyNi0wOC0wNy1HMjgubXA0Iiwic2NvcGUiOiJkb3dubG9hZCIsImlhdCI6MTc4NjEzNzQ3OSwiZXhwIjoxODE3NjczNDc5fQ.rWu3hT-PXIvGMuXvQUV45Okqql4aknZbTryX72p8Eko
mito,mitohook-2026-08-07-G29,"I can watch how your body handles carbs and tell you in 30 seconds why the scale hasn't moved in weeks. | Most metabolic issues come down to things you can't control, like insulin resistance. | For years that was just something you had to live with. | P3ptides are the reason the scale is moving again.",Massive Attack - Angel,"I spent years thinking I just needed more discipline. Turns out my body stopped answering a long time ago and no amount of trying was going to change that on its own.\n\nOnce the metabolic side was handled, everything I was already doing finally started working. The scale moved. The energy came back. I stopped fighting my own body.\n\n#weightlosstransformation #metabolism #realresults",https://qlcmgxgwpzmiebzxflai.supabase.co/storage/v1/object/sign/char3-before-after/mitohook-2026-08-07-G29.mp4?token=eyJraWQiOiJzdG9yYWdlLXVybC1zaWduaW5nLWtleV85N2JiMDBkNy0yZmE2LTQxOTItOGYxYi0zY2M1ZTA5ODUxNzciLCJhbGciOiJIUzI1NiJ9.eyJ1cmwiOiJjaGFyMy1iZWZvcmUtYWZ0ZXIvbWl0b2hvb2stMjAyNi0wOC0wNy1HMjkubXA0Iiwic2NvcGUiOiJkb3dubG9hZCIsImlhdCI6MTc4NjEzNzUwNCwiZXhwIjoxODE3NjczNTA0fQ.lca0N7Iksj0ALDSXnbC7iRJ5lKL0mDJD5rbQoU6iRpc
mito,mitohook-2026-08-07-G30,"I can look at how bloated you get after meals and tell you in 30 seconds why your body isn't responding to your diet. | Most metabolic issues come down to things you can't control, like insulin resistance. | They told you to eat less and move more, and it never worked. | P3ptides quietly fixed the part willpower never could.",Indila - Tourner Dans Le Vide,"For the longest time I blamed myself. The workouts, the eating clean, all of it, and nothing moved. I really thought something was wrong with me.\n\nThe thing is, it was never willpower. Once the metabolic part got addressed the same effort finally paid off. I wish I had known sooner.\n\n#weightlossjourney #metabolism #transformation",https://qlcmgxgwpzmiebzxflai.supabase.co/storage/v1/object/sign/char3-before-after/mitohook-2026-08-07-G30.mp4?token=eyJraWQiOiJzdG9yYWdlLXVybC1zaWduaW5nLWtleV85N2JiMDBkNy0yZmE2LTQxOTItOGYxYi0zY2M1ZTA5ODUxNzciLCJhbGciOiJIUzI1NiJ9.eyJ1cmwiOiJjaGFyMy1iZWZvcmUtYWZ0ZXIvbWl0b2hvb2stMjAyNi0wOC0wNy1HMzAubXA0Iiwic2NvcGUiOiJkb3dubG9hZCIsImlhdCI6MTc4NjEzNzU0NywiZXhwIjoxODE3NjczNTQ3fQ.IasO7GvRbwuJNooyG3SLlpW1oMoyQ3wDhjkM8CdZgXE
